jqnn	NC_009641
kuai	NC_022593 NC_022587
lxld	NC_011339 NC_011338 NC_011337 NC_011340 NC_011341 NC_011342
kkkk	NC_002737
tcuv	NC_007297
tkzs	NC_022659 NC_022658
dktk	NC_017196 NC_017194
jcfq	NC_015844
gold	NC_021894
pijm	NC_008512
njcd	NC_018414
imjf	NC_018415
ifon	NC_018416
uayw	NC_018417
xkcn	NC_018418
sbmj	NC_009937
kboy	NC_020419 NC_020421 NC_020422 NC_020420
wxex	NC_022115 NC_022125
oyqh	NC_012730 NC_012732
lwpj	NC_012960
dfiu	NC_015155
ladw	NC_015153
ceuo	NC_014497
edom	NC_017293
pejq	NC_015736
vbdv	NC_018219
rscg	NC_018149
egjl	NC_016112
ncdv	NC_017025
puht	NC_000868 NC_001773
ocae	NC_018581 NC_018583 NC_018580 NC_018582
abyi	NC_020505 NC_020503
gpsk	NC_021555 NC_021553
uhsu	NC_022575
vclg	NC_021919
qqll	NC_021024
rmgk	NC_022588
nzuj	NC_023002
bopj	NC_023030 NC_023030
ywbm	NC_023062
mvrw	NC_022906 NC_022905
snxq	NC_022907 NC_022908
fcaq	NC_002163
jghl	NC_003912
wydc	NC_008787 NC_008790 NC_008770
yvli	NC_009707
nzqm	NC_009839
yfwz	NC_017279 NC_017284
rdtp	NC_017280
lghx	NC_014802 NC_014801
emeu	NC_017281 NC_017282
vjvu	NC_018709
grwt	NC_018521
zmrj	NC_021834
idyb	NC_022362
ezfz	NC_022529
nzpa	NC_022351
kehw	NC_022353 NC_022354
znya	NC_022352
cybz	NC_007492
ryok	NC_012660
mijc	NC_016830
djox	NC_017911 NC_021361
awyw	NC_003902
thlx	NC_007086
qddl	NC_010688
csaz	NC_017271
gels	NC_003197 NC_003277
yalw	NC_004631
dzat	NC_006511
icte	NC_016856 NC_016855
cgbk	NC_006905 NC_006855 NC_006856
bvtf	NC_011294
gwwo	NC_011274
xpnc	NC_011080 NC_011079 NC_009140
ypbq	NC_012125 NC_012124
euyo	NC_010067
ojra	NC_010102
eeyj	NC_011083 NC_011082 NC_011081
epcp	NC_011094 NC_011092 NC_011093
cdkn	NC_011149 NC_011148
wmeq	NC_011205 NC_011204
qjoy	NC_011147
dmiv	NC_016854
fjvv	NC_016857 NC_016858 NC_017675 NC_016859
wmwj	NC_016810 NC_017718 NC_017719 NC_017720
hsnu	NC_016863 NC_016864
ktfr	NC_016831
smmv	NC_016832 NC_016825
okbr	NC_017046 NC_017054
laun	NC_017623 NC_017624
txxs	NC_016860 NC_016861 NC_016862
gxes	NC_020307 NC_020306 NC_020308
vwbh	NC_021151 NC_021156 NC_021155 NC_021157
ffjj	NC_021176
yonl	NC_021812 NC_021842 NC_021813
ogsx	NC_021810 NC_021869 NC_021811 NC_021841
tmxk	NC_021818 NC_021819 NC_021845
yifj	NC_021814 NC_021816 NC_021815 NC_021843
jago	NC_021820
ugfr	NC_021844 NC_021817
qewk	NC_021902
gcco	NC_021984
rlsq	NC_022221
zotl	NC_022525
nwdw	NC_022544
tvwn	NC_022569 NC_022570
pxer	NC_022991
nmzo	NC_011077 NC_011078 NC_011076
wicb	NC_011215 NC_011214
zunz	NC_003143 NC_003131 NC_003132 NC_003134
mhdh	NC_009381 NC_009377 NC_009378
nhgo	NC_005810 NC_005815 NC_005814 NC_005816 NC_005813
tamr	NC_008149 NC_008118 NC_008119
peor	NC_008150 NC_008122 NC_008120 NC_008121
uzhu	NC_010159 NC_010157 NC_010158
fyog	NC_017154 NC_017153 NC_017155 NC_017156
qqbg	NC_017160 NC_017157 NC_017158 NC_017159
tujj	NC_014029 NC_014017 NC_014027 NC_014022
nbnl	NC_017265 NC_017266 NC_017264 NC_017263
brxl	NC_017168 NC_017169 NC_017170
issu	NC_009595 NC_009596
kilg	NC_009141
satu	NC_007795
gkza	NC_002745 NC_003140
beos	NC_007622
habr	NC_017333 NC_017336 NC_017334 NC_017335
tpkm	NC_002758 NC_002774
iyku	NC_009782
mbww	NC_003923
ddnv	NC_002952
qrzs	NC_002953 NC_005951
ajql	NC_002951 NC_006629
niiz	NC_007793 NC_007791 NC_007790 NC_007792
qvee	NC_009487 NC_009477
ieco	NC_010079 NC_010063 NC_012417
sgch	NC_009632 NC_009619
bcfz	NC_013450 NC_013451 NC_013452 NC_013453
qtkv	NC_017340
nhtx	NC_017331 NC_017352 NC_017332
qbgr	NC_017338 NC_017339
xqiu	NC_017341
inne	NC_017342 NC_017345
xldd	NC_022113 NC_022126
oiei	NC_017347
rtjh	NC_017337
gwez	NC_016941 NC_016942
meqd	NC_016928
olgq	NC_017349 NC_017348
crsm	NC_017351 NC_017350
udnf	NC_016912
mdch	NC_017343 NC_017346 NC_017344
kzmk	NC_017763
wyvu	NC_018608
hqye	NC_020533 NC_020534
jdcq	NC_020566 NC_020535
zrtd	NC_020568 NC_020539
rkpr	NC_021554 NC_021552
nbrw	NC_021670 NC_021657
ggrn	NC_022222
gdqm	NC_022226 NC_022227 NC_022228
ebhq	NC_022442
anaj	NC_022443
pzoh	NC_022604 NC_022610 NC_022605
xkph	NC_017673
mrwx	NC_021059 NC_021060
ckng	NC_010066
bhzg	NC_004461 NC_005005 NC_005004 NC_005006 NC_005007 NC_005003 NC_005008
exfd	NC_002976 NC_006663
xwcg	NC_002662
uzhz	NC_009004
tvsg	NC_008527 NC_008503 NC_008507 NC_008504 NC_008506 NC_008505
myyh	NC_013656 NC_013657
xsqa	NC_017949
jbgx	NC_017486 NC_017488 NC_017484 NC_017485 NC_017487 NC_017483
tqtt	NC_017492 NC_017493 NC_017495 NC_017497 NC_017496
qyez	NC_019435 NC_019433 NC_019438 NC_019436 NC_019431 NC_019430 NC_019434 NC_019432 NC_019437
fqrj	NC_020450
qctg	NC_022369
rvox	NC_004722 NC_004721
vziv	NC_003909 NC_005707
nevm	NC_006274 NC_007105 NC_007107 NC_007106 NC_007103 NC_007104
kjgc	NC_011969 NC_011973 NC_011971
ndkd	NC_011725
vmsg	NC_011658 NC_011654 NC_011655 NC_011656 NC_011657
rzpg	NC_011772 NC_011775 NC_011774
udtn	NC_011773 NC_011777 NC_011776 NC_011771
jaaz	NC_012472 NC_012473
dkwn	NC_014335 NC_014332 NC_014331 NC_014333
minr	NC_016779 NC_016794 NC_016780
mxyb	NC_016771 NC_016792 NC_016772 NC_016774 NC_016773 NC_016793
tlpc	NC_018491 NC_018493 NC_018494 NC_018492 NC_018499
cjvj	NC_003366 NC_003042
qgkd	NC_008261
hupg	NC_008265 NC_008262 NC_008263 NC_008264
agxp	NC_003210
lqzi	NC_002973
volw	NC_011660
ndkf	NC_013768
reaj	NC_012488
naoe	NC_013766 NC_013767
pcsg	NC_017546
afes	NC_017547
ijvq	NC_017545
slyo	NC_017544
etwh	NC_021829
aqsi	NC_021830
tfur	NC_018587 NC_014495
ricy	NC_017529
wmwc	NC_018588 NC_018889
jtny	NC_017537
xpnr	NC_017728
nwno	NC_018586
mrbq	NC_018593
udyj	NC_018589
iuzc	NC_018584
vefd	NC_018592
reef	NC_018590
gjnz	NC_018642
pcqe	NC_018585
dxxn	NC_019556
bwqf	NC_020557
nwje	NC_020558
vjhl	NC_021838 NC_021828
qkzu	NC_021823
gnjo	NC_021824
rtbt	NC_021837
xdvn	NC_021825
ywkj	NC_021826 NC_022045
cvkv	NC_021839 NC_022046
xtqs	NC_021827 NC_022047
numt	NC_021840 NC_022051
ufqc	NC_022568
cdjz	NC_018591 NC_018888
zgbs	NC_002944
fmjw	NC_008595
gcsr	NC_021200
tgby	NC_002945
obtx	NC_008769
btiv	NC_012207
ktik	NC_016804
wtkc	NC_020245
lruc	NC_004572
wswy	NC_004551
bkah	NC_009053
rkym	NC_010278
bsza	NC_010939 NC_010942 NC_010941 NC_010940
sjoj	NC_005042
vhbj	NC_005072
xlgj	NC_005071
vecm	NC_007335
jtzv	NC_007577
dayj	NC_008816
eowf	NC_008817
qqlv	NC_008819
agaq	NC_008820
xgby	NC_009091
riyr	NC_009840
eebt	NC_009976
baxm	NC_000907
idzt	NC_007146
qrxr	NC_009566
ojzd	NC_009567
inau	NC_017451
pccl	NC_017452
akvx	NC_014920
kvnc	NC_014922
gzbl	NC_016809
yzwf	NC_022356
wgmk	NC_000962
psgb	NC_002755
ujwf	NC_009525
cdtv	NC_009565
zesy	NC_012943
fwoa	NC_022350
ojed	NC_016768
pnro	NC_018078
oahd	NC_017524
ftit	NC_017523
gsmv	NC_017522
otkb	NC_018143
oeky	NC_020089
ccrw	NC_020559
xsxi	NC_021054
zpov	NC_021192
pdfz	NC_021193
pzsc	NC_021194
jbly	NC_021251
cbva	NC_021740
jitb	NC_016934
fakj	NC_000913
tnaj	NC_002695 NC_002128 NC_002127
buhm	NC_011750
phnu	NC_017634 NC_017659
oolk	NC_018658 NC_018660 NC_018666 NC_018659
xytv	NC_011751 NC_011749 NC_011739
huch	NC_004431
miry	NC_012892
oemc	NC_007779
pyoh	NC_011415 NC_011408 NC_011416 NC_011413 NC_011407 NC_011419 NC_011411
huom	NC_013654 NC_013655
fxzk	NC_013353 NC_013354
bxah	NC_013364 NC_013366 NC_013370 NC_013367 NC_013365 NC_013368
dyku	NC_007946 NC_007941
gixl	NC_008253
zqoi	NC_008563 NC_009838 NC_009837
evas	NC_009801 NC_009786 NC_009787 NC_009790 NC_009789 NC_009788 NC_009791
fwzc	NC_009800
fhvj	NC_012967
vray	NC_010468
ykdr	NC_010473
hwkg	NC_010498 NC_010487 NC_010486 NC_010485 NC_010488
voth	NC_011353 NC_011351 NC_011350
grgz	NC_013008 NC_013010
fbsy	NC_012759
amfq	NC_012971
elkh	NC_017625
vwxi	NC_012947
dfgv	NC_013941 NC_013942
mjsc	NC_017628
vhdp	NC_011748
yoyu	NC_011741
nedr	NC_011742 NC_011747
wsqm	NC_011601 NC_011602 NC_011603
fame	NC_017626 NC_017627
gjek	NC_013361 NC_013362 NC_013369 NC_013363 NC_014543
yoiq	NC_016902 NC_016903 NC_016904
jiqy	NC_017631 NC_017629
dwsv	NC_017632 NC_017630
adon	NC_017635 NC_017636 NC_017637
vbnn	NC_017633 NC_017722 NC_017721 NC_017724 NC_017723
hlyv	NC_017641 NC_017640 NC_017645 NC_017643 NC_017642 NC_017639
fwto	NC_017644
eass	NC_017646 NC_017647 NC_017648 NC_017649 NC_017650
brtr	NC_017651
dfbx	NC_017652
oeik	NC_017656 NC_017658 NC_017653 NC_017654 NC_017655 NC_017657
bind	NC_017663
mdzq	NC_017660 NC_017661
eeze	NC_017664 NC_017665 NC_017662
hieq	NC_017906 NC_017907 NC_017903
mzmv	NC_017638
gpbs	NC_011993
tzje	NC_018650 NC_018651 NC_018654 NC_018652
cuio	NC_018661 NC_018663 NC_018662
xbrk	NC_020163
stlb	NC_020518
sbnc	NC_022364
iusf	NC_022648 NC_022651 NC_022650 NC_022662 NC_022649 NC_022661
djpt	NC_002655 NC_007414
hsqe	NC_011745
eusc	NC_002142
tyqj	NC_010720 NC_010719
oglu	NC_000915
rboc	NC_000921
wuxq	NC_017382
scqs	NC_008086 NC_008087
evcq	NC_010698
hqwp	NC_011333 NC_011334
sjoe	NC_011498 NC_011499
owuz	NC_017354
lqqi	NC_012973
wcjm	NC_017355 NC_017383
dprv	NC_017357
jmaw	NC_014560
umii	NC_014555 NC_014556
fcvj	NC_017358
sphg	NC_017359 NC_017356
iqea	NC_017360
plbj	NC_017372
evpl	NC_017371 NC_017364
tybd	NC_017362 NC_017363
tyhu	NC_017361 NC_017373
msmx	NC_017374
vldk	NC_017381
daxz	NC_014256 NC_014257
sgyg	NC_017375
pvyb	NC_017378 NC_017377
owuk	NC_017379
htmp	NC_017376 NC_017380
ohes	NC_017063 NC_017064
jilk	NC_017733 NC_017734
xxfd	NC_017926 NC_017919
oaej	NC_017368
rvjn	NC_017365 NC_017369
kofk	NC_017366 NC_017370
klkx	NC_017367
tawe	NC_017739
yttt	NC_017740
xshn	NC_017741
zhai	NC_017742
bzoj	NC_018939
rnnu	NC_018937
rdkn	NC_018938
ceox	NC_019560 NC_019562 NC_019561
rczu	NC_019563 NC_019565 NC_019564
qcav	NC_020508
qgbh	NC_020509 NC_020556
dpyb	NC_021215
ktwz	NC_021216
xguo	NC_021217
ebof	NC_021218
srcm	NC_021882
hfrh	NC_022886
rmjj	NC_022911
aopv	NC_022130
iljd	NC_016568
hmjc	NC_002528 NC_002253 NC_002252
kkoi	NC_004061
qyyr	NC_004545 NC_004555
ulqx	NC_011834
hwcm	NC_011833
wmjz	NC_008513 NC_011878
tjje	NC_017255
xsdb	NC_017252
xpus	NC_017253
hykl	NC_017254
vlgx	NC_015662
zdyt	NC_017256 NC_017257 NC_017258
vjox	NC_017259 NC_017261 NC_017260
zgdf	NC_000922
zxjc	NC_005043
qnzm	NC_002491
hzaj	NC_017285 NC_017286
sybd	NC_002179 NC_002180
ubbu	NC_003112
fmdw	NC_003116
ccun	NC_008767
orgf	NC_010120
ubzz	NC_017501
vftp	NC_013016
jqfp	NC_017505
ainq	NC_017513
kxta	NC_017516
knhf	NC_017514
wdun	NC_017517
optk	NC_017515
aads	NC_017518
aqiv	NC_017512
khxr	NC_002488 NC_002490 NC_002489
rwyr	NC_004556 NC_004554
kigz	NC_010513
taul	NC_010577 NC_010579
gqqu	NC_017562 NC_017561
qcra	NC_002947
ctco	NC_009512
yvud	NC_010322
mnmj	NC_010501
htrd	NC_017530
ghxc	NC_015733
sbjj	NC_017986 NC_018746
dydx	NC_019905 NC_019906
xvxg	NC_021491
pdzc	NC_021505
earv	NC_003485
hbed	NC_004070
wure	NC_009332
kckm	NC_004606
azdq	NC_006086
rzrt	NC_007296
pddy	NC_008021
yunn	NC_008022
hcmc	NC_008023
hees	NC_008024
ycnm	NC_011375
qjkw	NC_017596
luej	NC_017040
vnuz	NC_017053
jakd	NC_018936
xfxk	NC_020540
zmrb	NC_021807
gqhr	NC_003098
bvit	NC_003028
rcqm	NC_008533
rwza	NC_012468
zfpa	NC_012466
kgly	NC_012467
lwka	NC_012469
pgkb	NC_010380
xgjt	NC_011072
zxvq	NC_010582
jmlx	NC_011900
mwjh	NC_014494
gixy	NC_014498
xlnb	NC_018594
fdsz	NC_014251
cizo	NC_017593
auzq	NC_017592
wpdh	NC_017591
yxhb	NC_021006
pgaf	NC_021028
zsls	NC_021026
seoa	NC_021005
lksl	NC_017769
hvry	NC_018630
kluu	NC_022655
fzjm	NC_011985 NC_011983 NC_011987 NC_011994 NC_011990
nypx	NC_020800 NC_020801 NC_020798 NC_020797
ekiy	NC_004342 NC_004343
qvxg	NC_005824 NC_005823
ilzl	NC_017552 NC_017551
pbck	NC_003454
iibx	NC_021281 NC_021277
vwqs	NC_022196
yfns	NC_009506
ztsj	NC_003997
bpsy	NC_005945
yvjj	NC_007530 NC_007323 NC_007322
iwxi	NC_012581 NC_012577 NC_012579
jhfb	NC_012659 NC_012656 NC_012655
jpvd	NC_017729 NC_017726 NC_017727
cdhz	NC_003980 NC_003981
jmim	NC_004337 NC_004851
vudq	NC_004741
ekyj	NC_008258
vtbm	NC_017328 NC_017321 NC_017329 NC_017330 NC_017319 NC_017320
jtgg	NC_004307 NC_004943
aizh	NC_010816 NC_004253 NC_004252
shox	NC_011593
ncoi	NC_014169
mfkx	NC_014656
gbvz	NC_015067
hblk	NC_015052 NC_015053 NC_015066
ayri	NC_017221 NC_017220 NC_017222
vnwt	NC_017219
tywe	NC_021008
xmjt	NC_008309 NC_006298
nvlf	NC_010519
crpo	NC_007005
dzks	NC_004116
xmje	NC_007432
btks	NC_018646
hfxn	NC_019048
wswz	NC_021485
gpjl	NC_021507
okxs	NC_021486
oltk	NC_004368
iths	NC_002516
sbgz	NC_008463
cmev	NC_009656
ijnc	NC_011770
scfc	NC_017548
gbzj	NC_018080
oqij	NC_017549
mcev	NC_020912
uaeq	NC_021577
dctq	NC_022808
gvtq	NC_022806
wxny	NC_023019
nrvu	NC_023066
wjpc	NC_023149
jiga	NC_004459 NC_004460
mwht	NC_005139 NC_005140 NC_005128
qgjl	NC_014966 NC_014965
rrap	NC_006360
jcgj	NC_007295
okye	NC_007332
iwkh	NC_017509
hlhz	NC_021283
utrg	NC_021831
vhmk	NC_012926 NC_012923
xkzl	NC_009442
omxi	NC_009443
kabu	NC_017617
xbjy	NC_012924
ksfe	NC_012925
peuo	NC_017618
vleq	NC_015433
nlyc	NC_017619
qgco	NC_017620
pnpg	NC_017621
hapa	NC_017950
hwhm	NC_017622
gump	NC_018526
tngj	NC_020526
uvux	NC_021213
bpqs	NC_022516
hbah	NC_022665
gfpf	NC_008639
flis	NC_010831
socj	NC_008711 NC_008712 NC_008713
kwqx	NC_009085 NC_009083 NC_009084
erzr	NC_010611 NC_010606 NC_010605
lkat	NC_011595
pnkg	NC_011586 NC_011585
pazr	NC_010410 NC_010403 NC_010402 NC_010404 NC_010401
ugrh	NC_020547 NC_020525
sbpx	NC_017847 NC_017848 NC_020524
mfga	NC_017162 NC_017164 NC_017163
vewm	NC_017387 NC_017165 NC_017166
krhz	NC_017171 NC_017172
qhxm	NC_018706
bujv	NC_021726 NC_021728 NC_021727
uwmc	NC_021733 NC_021734
cvhf	NC_021729 NC_021730 NC_021731 NC_021732
zkuk	NC_023028 NC_019985 NC_023031
tuxb	NC_010400 NC_010398 NC_010395 NC_010396
pnyh	NC_004842
wkcd	NC_012026
sdyo	NC_022784
hyzz	NC_022760
kjue	NC_006322
tpdd	NC_006270
vweq	NC_021362
rwua	NC_006347 NC_006297
ebak	NC_003228 NC_006873
kszf	NC_016776
ylso	NC_007606 NC_007607 NC_009344
kysp	NC_002942
avbj	NC_006368 NC_006365
rbzx	NC_006369 NC_006366
cxgb	NC_009494
qtsx	NC_014125
zctq	NC_016811
szrb	NC_017525
liel	NC_017526
dapp	NC_018140
yqvo	NC_018139 NC_018141
mopz	NC_020521 NC_020522
upvf	NC_021350
inyb	NC_007384 NC_009346 NC_009345 NC_009347 NC_007385
zhml	NC_016822 NC_016824 NC_016834 NC_016823 NC_016833
cbus	NC_006449
bjgg	NC_006448
gytp	NC_008532 NC_008500 NC_008501
zwuo	NC_017563
iyfl	NC_017581
jfcc	NC_017927
jkra	NC_006833
tqtz	NC_006576
tjsh	NC_007604 NC_007595
vhlq	NC_009052 NC_009035 NC_009038 NC_009036 NC_009037
cyjp	NC_009665 NC_009661
ovho	NC_011663 NC_011664 NC_011665 NC_011668
crxx	NC_009997 NC_009999 NC_010000 NC_009998
ysbf	NC_017571 NC_017572 NC_017570
zlzm	NC_016901 NC_016905
dtyd	NC_017579 NC_017577 NC_017580 NC_017578
djfy	NC_009438
mndf	NC_017566
iujy	NC_005295
knyj	NC_006831
immr	NC_006832
twvf	NC_009513
odai	NC_010609
rzxc	NC_015697 NC_015701 NC_015700 NC_015698 NC_015699
pmbf	NC_021494 NC_021497 NC_021504 NC_021498 NC_021495 NC_021503 NC_021496
ktvv	NC_021872
knvy	NC_009848
piyu	NC_006461 NC_006463 NC_006462
xvki	NC_005835 NC_005838
exwy	NC_017272 NC_017273
zjuw	NC_017587 NC_017588 NC_017590
reap	NC_003450
ldwh	NC_009342 NC_009343
obxh	NC_020519
omql	NC_021351
xmmn	NC_021352
nmaw	NC_022040
lvob	NC_006958
nqze	NC_000117
sogv	NC_010287
meov	NC_007429 NC_007430
fhri	NC_012687
nycd	NC_012686
opan	NC_010280
ndbj	NC_017434 NC_017435
omnf	NC_017439
chod	NC_017429
ftqz	NC_017430
yrix	NC_017440
jbpu	NC_017431
myca	NC_017432
ojmq	NC_017436 NC_017433
bjja	NC_017441
czhv	NC_015744
vaej	NC_017437 NC_017438
ajln	NC_016798
dcxz	NC_017952
rsyg	NC_017951
gyta	NC_017953
fckt	NC_020966 NC_019272
fbwu	NC_020944 NC_020979
easd	NC_020971 NC_020947
wsrk	NC_020970 NC_020962
kjea	NC_020940 NC_020989
empj	NC_020937
xfqu	NC_020929 NC_020951
gjsl	NC_020973 NC_020952
zezl	NC_020930
nssf	NC_020945 NC_020984
hssg	NC_020931 NC_020956
tcbn	NC_020938 NC_020983
zgfu	NC_020974 NC_020957
jinw	NC_021050 NC_021051
dwqd	NC_021052 NC_021049
qggh	NC_021895
ctaq	NC_021887
rwtc	NC_021888
have	NC_021896
scum	NC_021889
twuy	NC_021897
fnpg	NC_021890
ruca	NC_021891
srqf	NC_021898
cizg	NC_021892
eqem	NC_021899
gxcw	NC_021893
rxqi	NC_023060 NC_023057
reil	NC_022117
mtuu	NC_022118
znot	NC_022107
gems	NC_022119
fint	NC_022121
uhkx	NC_020939 NC_020946
rzom	NC_020967 NC_020986
pojl	NC_020943 NC_020958
ppqn	NC_020968 NC_020959
bbzx	NC_020969 NC_020987
cmul	NC_020942 NC_020960
xfls	NC_020964 NC_020988
tqso	NC_020941 NC_020961
lsjm	NC_020965 NC_020963
abkj	NC_020975 NC_020985
tqqm	NC_020976 NC_020955
mcpx	NC_020933 NC_020980
ezif	NC_020934 NC_020948
bvka	NC_020977 NC_020949
qkpl	NC_020978 NC_020981
chei	NC_020936 NC_020950
akqi	NC_020935 NC_020953
hvqn	NC_020932 NC_020954
tweo	NC_020972 NC_020982
ljup	NC_020512 NC_020513
aqcs	NC_020511 NC_020551
tbht	NC_022106
owqr	NC_022108
czge	NC_022109
vwje	NC_022120
luzn	NC_022110
uopo	NC_000908
czjo	NC_018495
unwb	NC_018496
coxh	NC_018497
hiel	NC_018498
utay	NC_008542 NC_008544 NC_008543 NC_008545
qvvz	NC_011002 NC_011000 NC_011001 NC_011003
biyz	NC_008061 NC_008060 NC_008062
amgi	NC_010515 NC_010508 NC_010512
ilep	NC_006350 NC_006351
lhlk	NC_007434 NC_007435
hulm	NC_009075 NC_009074
bijv	NC_009078 NC_009076
pnfd	NC_017832 NC_017831
vsuq	NC_018529 NC_018527
voxx	NC_021877 NC_021884
qnpg	NC_012695
ovxn	NC_006348 NC_006349
mcac	NC_008784 NC_008785
pyka	NC_008836 NC_008835
gfkl	NC_009080 NC_009079
qvgz	NC_007164 NC_003080
ndqd	NC_007799
dyxu	NC_007484 NC_007483
vdau	NC_005957 NC_006578
xzrk	NC_008600 NC_008598
rabv	NC_014171 NC_014172
bnrw	NC_017200 NC_017199 NC_017201
okhv	NC_017208 NC_017202 NC_017212 NC_017206 NC_017203 NC_017210 NC_017204 NC_017211 NC_017207 NC_017209 NC_017205
zfxh	NC_018500 NC_018486 NC_018487 NC_018501 NC_018488 NC_018489 NC_018490 NC_018502 NC_018503
igck	NC_018508 NC_018512 NC_018516 NC_018509 NC_018517 NC_018510 NC_018511
skeh	NC_018693 NC_018687 NC_018694 NC_018685 NC_018688 NC_018684 NC_018686 NC_018689
mjvy	NC_018877 NC_018883 NC_018885 NC_018884 NC_018882 NC_018881 NC_018879 NC_018886 NC_018878 NC_018880
tdlu	NC_020238 NC_020243 NC_020242 NC_020241 NC_020239 NC_020249 NC_020250 NC_020240
wenw	NC_020376 NC_020383 NC_020382 NC_020392 NC_020384 NC_020379 NC_020393 NC_020377 NC_020380 NC_020390 NC_020394 NC_020378 NC_020381 NC_020391 NC_020385
wupl	NC_022873 NC_022876 NC_022874 NC_022882 NC_022875 NC_020124 NC_022877
wbtv	NC_003295 NC_003296
rcbh	NC_017574 NC_017575
znas	NC_014311 NC_014310
ezyk	NC_014307
aotg	NC_020799 NC_021745
elwn	NC_017559 NC_017589 NC_017558
lonr	NC_007205
rmmr	NC_007613 NC_007608
kdyl	NC_010658 NC_010672 NC_010656 NC_010657 NC_010659 NC_010660
sgld	NC_008611 NC_005916
ejiy	NC_002505 NC_002506
thxb	NC_009457 NC_009456
ovtj	NC_012580 NC_012578
xxeh	NC_012582 NC_012583
axro	NC_012668 NC_012667
ipnq	NC_016445 NC_016446
wgva	NC_017269 NC_017270
wkfu	NC_016944 NC_016945
yslf	NC_015760
xrin	NC_017595
lged	NC_017594 NC_018285
xpkn	NC_005296 NC_005297
cgtt	NC_007778
zyti	NC_007958
tlby	NC_007925
lclk	NC_008435
tcvf	NC_011004
booy	NC_014834
fqho	NC_007493 NC_007494 NC_007489 NC_009008 NC_009007 NC_007488 NC_007490
sfpl	NC_009049 NC_009050 NC_009040
lfzj	NC_009428 NC_009430 NC_009432 NC_009433 NC_009431 NC_009429
cztt	NC_011963 NC_011958 NC_011962 NC_011960
ovlc	NC_010634 NC_010635
byot	NC_006155 NC_006153 NC_006154
kenl	NC_009708 NC_009704 NC_009705
eagx	NC_010465
mygz	NC_006570
fohl	NC_008601
ojof	NC_007880
htzj	NC_008245
koht	NC_008369
aqtp	NC_009257
jxls	NC_009749
qlwz	NC_010677
ysif	NC_017453
isdb	NC_019551
icbz	NC_017450
upcq	NC_017449
jyxk	NC_016933
tjfy	NC_016937
cjlk	NC_019537
wiek	NC_009497
ttox	NC_013948
dbxy	NC_008054
eoam	NC_008529
tbdc	NC_014727 NC_014728
bnfm	NC_017469
jpkf	NC_008509 NC_008508
dbxt	NC_008510 NC_008511
eess	NC_006933 NC_006932
awrb	NC_010742 NC_010740
vycd	NC_007618 NC_007624
mhzj	NC_016795 NC_016777
nbeo	NC_007633
mgou	NC_008783
onhg	NC_003919 NC_003921 NC_003922
lrhy	NC_020815 NC_020816 NC_020817
kmjj	NC_008599
ebng	NC_006834
ydog	NC_007705
zqiw	NC_010717
dqfn	NC_017267
oanz	NC_013853
aacm	NC_007712 NC_007713 NC_007714 NC_007715
zpir	NC_009380
zber	NC_011978
zouq	NC_009089 NC_008226
ucne	NC_013315
xbjt	NC_017178
iclf	NC_017177 NC_017179 NC_017176
cbwu	NC_013316
hzvo	NC_017175
paab	NC_013974
lctg	NC_008209 NC_008386 NC_008389 NC_008388 NC_008387
nlbg	NC_007347 NC_007348 NC_007337 NC_007336
cxho	NC_007907
fkxt	NC_011830
oesk	NC_009348 NC_004923 NC_004925 NC_004924 NC_009350 NC_009349
qfnw	NC_008528
rjoj	NC_002971 NC_004704
aigx	NC_009727 NC_009726
kxfc	NC_010117 NC_010115
wagg	NC_011527
kavu	NC_011528 NC_011526
xllx	NC_010258
pdmb	NC_008526 NC_008502
ngcd	NC_014334 NC_011352
cjys	NC_010999
zifw	NC_017474 NC_017476
lewi	NC_017473 NC_017475
tvnk	NC_018641 NC_020057
crrt	NC_021721 NC_021722
zare	NC_009953
xusu	NC_002937 NC_005863
ubuc	NC_008751 NC_008741
wpjt	NC_011769
vzpo	NC_017310 NC_017311
avdz	NC_010002
blhj	NC_007940
igbg	NC_009883
risp	NC_000964
zdow	NC_014479
quat	NC_014976
bjfv	NC_016047
yroq	NC_017195
fuiz	NC_018520
zyxp	NC_019896
afdc	NC_020244
ilng	NC_020507
dcvo	NC_020832
jybx	NC_022898
hoar	NC_005791
sadx	NC_009135 NC_009136
szrc	NC_009637
cuku	NC_009975
htet	NC_015847
qjep	NC_010678 NC_010682 NC_010683
khhl	NC_012856 NC_012857 NC_012855 NC_012851 NC_012849
wjiq	NC_022513 NC_022515 NC_022514
uhky	NC_010080
pfyf	NC_018528
wiix	NC_017467 NC_017468
kabw	NC_021744
rmlp	NC_010263
jdgd	NC_009882
zerl	NC_016908
zipc	NC_016909
zpgi	NC_016914
fczq	NC_016915
lygs	NC_016913
bior	NC_016911
tlsi	NC_018887
mpwi	NC_017238 NC_017239 NC_017228 NC_017227 NC_017230 NC_017231 NC_017232 NC_017237 NC_017226 NC_017235 NC_017225 NC_017233 NC_017224 NC_017240 NC_017241 NC_017234 NC_017236 NC_017229
lpqs	NC_008277 NC_008566 NC_008565 NC_008567 NC_008273 NC_008274 NC_008569 NC_008568 NC_008564
zflc	NC_011650 NC_011788 NC_011651 NC_011794 NC_011787 NC_011793 NC_011789 NC_011649 NC_011790 NC_011647 NC_011792 NC_011791 NC_011648 NC_011786
lbiw	NC_021042
bttj	NC_021020
tolu	NC_008618
wsmf	NC_014820
vikf	NC_009142
vblh	NC_004603 NC_004605
yzlc	NC_019971 NC_019955
esoi	NC_021821 NC_021847
aplv	NC_021848 NC_021822
xkqs	NC_010172
ozcd	NC_011757 NC_011758 NC_011760
tyik	NC_012808 NC_012810 NC_012807 NC_012809 NC_012811
sclt	NC_012988 NC_012989 NC_012987
fslk	NC_015930
ufiw	NC_017490
lgqo	NC_012588
wzyz	NC_012589
xhjx	NC_012632
dmsa	NC_012726
elhr	NC_012622
tpum	NC_012623 NC_012624
vxap	NC_017276
ixxn	NC_017275
gasv	NC_021058
gwoi	NC_013769 NC_013770
mtyg	NC_010505 NC_010502 NC_010504 NC_010510 NC_010509 NC_010518 NC_010514 NC_010517 NC_010507
jvjs	NC_009488
viku	NC_010793
wtux	NC_010610
lgac	NC_017465
abdc	NC_021235
alkc	NC_009706 NC_009466
gexy	NC_011837 NC_011836
tfrp	NC_002950
nvyz	NC_010729
bobt	NC_015571
zpsn	NC_008571
somi	NC_002162
wvit	NC_010503
makh	NC_011374
mxdq	NC_005364
ygmr	NC_021025
sosd	NC_015431 NC_015407
enor	NC_007651 NC_007650
dbta	NC_021174 NC_021173
djpb	NC_018286 NC_018423 NC_018422 NC_018421
xbsi	NC_023137 NC_023141 NC_023139 NC_023143 NC_023140 NC_023148 NC_023142 NC_023138
hpzq	NC_020911 NC_020907
pyev	NC_006840 NC_006841 NC_006842
exjl	NC_011186 NC_011184 NC_011185
shjh	NC_009698
hjoz	NC_009495 NC_009496
joxy	NC_009697
lubu	NC_009699 NC_009700
hzbt	NC_010516 NC_010379
kdse	NC_010520 NC_010418
trlv	NC_010674 NC_010680
hyhh	NC_010723
fwus	NC_012658 NC_012654 NC_012657
rykn	NC_012563
dacx	NC_017297 NC_017298
jogi	NC_015425 NC_015427 NC_015419 NC_015417 NC_015418 NC_015426
kgtc	NC_017299
yzgd	NC_012946 NC_012945
wsvj	NC_010084 NC_010087 NC_010086 NC_010070
zyal	NC_010805 NC_010804 NC_010801 NC_010802
uvhg	NC_009667 NC_009668 NC_009672 NC_009671 NC_009670 NC_009669
xteu	NC_000963
ikpn	NC_017560
yjlo	NC_017049
hobo	NC_017050
pjbz	NC_017056
ytfb	NC_017048
ezoy	NC_017057
gill	NC_020992
dewm	NC_020993
fxmh	NC_017051
juxp	NC_001318 NC_001904 NC_000954 NC_001857 NC_000949 NC_000951 NC_001852 NC_001849 NC_001855 NC_000948 NC_001850 NC_001856 NC_001851 NC_000956 NC_000957 NC_001853 NC_000950 NC_001854 NC_001903 NC_000952 NC_000953 NC_000955
liya	NC_011728 NC_011782 NC_011731 NC_011722 NC_011735 NC_011720 NC_011778 NC_011780 NC_011779 NC_011784 NC_011783 NC_011785 NC_011736 NC_011724 NC_011781
wrrh	NC_017418 NC_017417 NC_017423 NC_017399 NC_017400 NC_017422 NC_017416 NC_017415 NC_017420 NC_013130 NC_017402 NC_017421 NC_017401 NC_017398 NC_017414 NC_017424 NC_017419
dbkq	NC_017403 NC_017393 NC_017428 NC_013129 NC_017395 NC_017394 NC_017396 NC_017406 NC_017410 NC_017413 NC_017405 NC_017408 NC_017412 NC_017409 NC_017425 NC_017426 NC_017404 NC_017407 NC_017427 NC_017397 NC_017411
nxnf	NC_022048
sfib	NC_011847 NC_011853 NC_011876 NC_011868 NC_011864 NC_011843 NC_011872 NC_011874 NC_011850 NC_011845 NC_011866 NC_011862 NC_011846 NC_011865 NC_011851 NC_011841 NC_011849 NC_011863 NC_011870
vryr	NC_012506 NC_012518 NC_012494 NC_012497 NC_012504 NC_012512 NC_012509 NC_012496 NC_012499 NC_012515
majo	NC_012254 NC_012263 NC_012255 NC_012250 NC_012246 NC_012258 NC_012249 NC_012237 NC_012244 NC_012269 NC_012259 NC_012235 NC_012231
zcfw	NC_012155 NC_012178 NC_012192 NC_012188 NC_012195 NC_012160 NC_012161 NC_012198 NC_012151 NC_012187 NC_012150 NC_012175 NC_012148 NC_012171 NC_012189 NC_012153 NC_012162 NC_012159 NC_012167 NC_012197
rdur	NC_012262 NC_012236 NC_012256 NC_012251 NC_012229 NC_012253 NC_012266 NC_012232 NC_012243 NC_012248 NC_012257 NC_012238 NC_012240 NC_012261 NC_012245 NC_012233 NC_012268 NC_012264 NC_012241
ksqx	NC_011968 NC_011967 NC_012191 NC_011972 NC_011965 NC_011966 NC_011970 NC_011974 NC_012186 NC_012201 NC_012172 NC_012193 NC_011975
sljb	NC_012508 NC_012511 NC_012517 NC_012502 NC_012514 NC_012498 NC_012507 NC_012516 NC_012495 NC_012513 NC_012500 NC_012510 NC_012503 NC_012505 NC_012501
cxxx	NC_012170 NC_012152 NC_012203 NC_012194 NC_012154 NC_012158 NC_012156 NC_012228 NC_012157 NC_012227 NC_012149 NC_012202
sgno	NC_012163 NC_012168 NC_012199 NC_012111 NC_012184 NC_012182 NC_012106 NC_012196 NC_012113 NC_012104 NC_012107 NC_012112 NC_012174 NC_012110 NC_012165 NC_012114 NC_012105 NC_012179
onor	NC_000919
pmft	NC_010741
bxgu	NC_017268
pguf	NC_016842
rwwg	NC_016848
bvcq	NC_016843
kbag	NC_016844
oson	NC_018722
qjql	NC_021179
golw	NC_021490
ymmg	NC_021508
xqju	NC_008380 NC_008381 NC_008383 NC_008384 NC_008378 NC_008379 NC_008382
flta	NC_011369 NC_011371 NC_011366 NC_011368 NC_011370
kbxe	NC_012850 NC_012858 NC_012853 NC_012852 NC_012854 NC_012848
ncrc	NC_007760
nnvb	NC_011891
mksn	NC_009480 NC_009478 NC_009479
tocr	NC_010407 NC_010408 NC_010399
ndzu	NC_020891
hldb	NC_014222
nnyn	NC_010842 NC_010845 NC_010846
osrs	NC_010843 NC_010602 NC_010844
kyqd	NC_010103 NC_010104
yiho	NC_016796 NC_016778
ufbw	NC_010612 NC_010604
zvgw	NC_008390 NC_008391 NC_008392 NC_008385
igpm	NC_010551 NC_010552 NC_010557 NC_010553
pnyq	NC_004311 NC_004310
sera	NC_010169 NC_010167
mrjk	NC_017251 NC_017250
oqls	NC_016797 NC_016775
svhb	NC_004668 NC_004671 NC_004670 NC_004669
sias	NC_017316
zpmm	NC_017312 NC_017732 NC_017313 NC_017314 NC_017315
xccm	NC_018221 NC_018222 NC_018223
ywhl	NC_019770
efop	NC_013714
vddj	NC_017249
reaf	NC_016845 NC_016838 NC_016839 NC_016847 NC_016841 NC_016840 NC_016846
maqx	NC_009648 NC_009650 NC_009653 NC_009651 NC_009652 NC_009649
toxq	NC_012731 NC_006625
gjwc	NC_011283 NC_011281 NC_011282
zoen	NC_017540 NC_017541
pzfc	NC_018522
rmhd	NC_022082 NC_022083 NC_022078
ebkd	NC_022566
sjcr	NC_011365 NC_011367
vykm	NC_010125 NC_010124 NC_010123
jwax	NC_010296
nrqa	NC_009515
nsqx	NC_012891
rrfs	NC_017567
bisd	NC_018712
oebl	NC_019042
cung	NC_022532
uewu	NC_007761 NC_007762 NC_007764 NC_004041 NC_007766 NC_007763 NC_007765
salj	NC_010994 NC_010997 NC_010998 NC_010996
imjp	NC_021905 NC_021908 NC_021911 NC_021907 NC_021906 NC_021909 NC_021910
zalg	NC_007963
gqot	NC_010161 NC_010160
roti	NC_009012
hqil	NC_017304
ybus	NC_017717 NC_017804 NC_017725
drwe	NC_018747
yzpf	NC_011842 NC_011855 NC_011857 NC_011856 NC_011860 NC_011859 NC_011861 NC_011858 NC_011854 NC_011848 NC_011840
ktgo	NC_011875 NC_011871 NC_011867 NC_011877 NC_011844 NC_011873 NC_011869
frsz	NC_015470 NC_015217
yucm	NC_017287 NC_017288
ahmb	NC_017291
jvwi	NC_017289
yodt	NC_017292
qpmc	NC_017290
kwvz	NC_018619 NC_018633
bkry	NC_018620
ojvs	NC_018627 NC_018636
nnyk	NC_018621 NC_018638
jlmq	NC_018622 NC_018640
fejl	NC_018623 NC_018635
xcko	NC_018624 NC_018639
popx	NC_018625 NC_018634
vqun	NC_018626 NC_018637
eeop	NC_020248
wdmb	NC_014796 NC_014797
vzzh	NC_019391 NC_019392
wlel	NC_011835
orpo	NC_012814
xrmc	NC_012815
elwr	NC_017214
csli	NC_017217
tdkj	NC_017215
izqj	NC_017216
ayhc	NC_017834
xwha	NC_017866
idwz	NC_017867
nfzm	NC_021593
vcza	NC_022523
zqqk	NC_009725
hfcd	NC_017188
lgrb	NC_014551
dbaq	NC_017190 NC_017189
pumu	NC_017191
blup	NC_020272 NC_020273
eqyg	NC_017912
rmdz	NC_016784
ylma	NC_017061
odfd	NC_019842
vzhy	NC_020410
sejc	NC_022075
kiyy	NC_022081
puvs	NC_022530 NC_022531
vmxt	NC_022653
ejea	NC_023073
aqrv	NC_004350
fgfi	NC_013928
zrkt	NC_018089
bnjh	NC_017768
nbkt	NC_013446 NC_010935
odqy	NC_002946
vlfk	NC_011035 NC_011034
jvdy	NC_022240 NC_022243
ppwp	NC_017511 NC_017510
yjbc	NC_017960 NC_017963 NC_017961 NC_017962
dmka	NC_017022 NC_017024 NC_017032 NC_017023
guio	NC_020207 NC_020208
xgvb	NC_021994 NC_021987 NC_021989 NC_021995 NC_021990 NC_021988 NC_021996
ytrx	NC_011138
miut	NC_018632
dkjr	NC_018678
kusz	NC_018692
yqve	NC_018679 NC_018680
abbv	NC_019393 NC_019394
tfqq	NC_021716 NC_021709
djkl	NC_023045
pabj	NC_021717
nmyy	NC_021712
cllx	NC_021713 NC_021718
othq	NC_021714
aboq	NC_021710 NC_021711
hrcy	NC_010943
pnuc	NC_011071
tzlv	NC_015947
jxmr	NC_017671
qeci	NC_014638
uovd	NC_014616
vasv	NC_017999
vpon	NC_012803
qtnj	NC_011134
ccdv	NC_012471
xuzu	NC_012470
swho	NC_017582
xsci	NC_006526
tcln	NC_013355 NC_013357 NC_013358 NC_013356
ctet	NC_017262 NC_017182 NC_017180 NC_017184 NC_017181 NC_017185 NC_017183
ziyc	NC_015709 NC_015716 NC_015715
gbqb	NC_018145 NC_018146 NC_018148 NC_018147
dipz	NC_022900 NC_022910 NC_022902 NC_022901 NC_022913 NC_022903
hitx	NC_002754
raur	NC_017274
rfuw	NC_011852
hjwg	NC_021521
qpmm	NC_002677
bfxa	NC_011896
bfpr	NC_013209 NC_013215 NC_013213 NC_013211 NC_013214 NC_013210 NC_013212
ydyu	NC_017100 NC_017109 NC_017142 NC_017101 NC_017118 NC_017119 NC_017120
xxak	NC_017121 NC_017144 NC_017124 NC_017123 NC_017110 NC_017143 NC_017122
czxu	NC_017125 NC_017129 NC_017145 NC_017128 NC_017127 NC_017126 NC_017117
ibtu	NC_017146 NC_017133 NC_017130 NC_017132 NC_017148 NC_017147 NC_017131
qeww	NC_017111 NC_017112 NC_017103 NC_017135 NC_017102 NC_017134 NC_017149
tbpm	NC_017150 NC_017104 NC_017105 NC_017151 NC_017107 NC_017106 NC_017152
wdme	NC_017108 NC_017115 NC_017137 NC_017116 NC_017136 NC_017114 NC_017113
fbpe	NC_002663
gadi	NC_016808
glqb	NC_017027 NC_017035
zbdw	NC_017764
xlxy	NC_013198
xpig	NC_017482
xjfh	NC_013199 NC_013200
bgri	NC_017491
payk	NC_021723
pthq	NC_021725
kdxm	NC_011223 NC_011225
vbub	NC_010336 NC_010331
ocnl	NC_011959 NC_011961
case	NC_013410
qxzm	NC_017448
nqen	NC_011753 NC_011744
ccdk	NC_015857 NC_015858
smic	NC_020995
cmge	NC_002696
kmjt	NC_011916
ndbx	NC_003318 NC_003317
teom	NC_012442 NC_012441
awhs	NC_017244 NC_017245
rfdz	NC_017246 NC_017247
lsjo	NC_017248 NC_017283
vlze	NC_012880
jzfj	NC_013592
stgp	NC_014500
lczu	NC_014103
ojvw	NC_014019 NC_014023 NC_010008 NC_004604 NC_010009 NC_010010 NC_014025 NC_014031
rery	NC_017138 NC_017139 NC_017140 NC_017141
wxlf	NC_012724 NC_012721 NC_012723 NC_012718 NC_012720 NC_012725
dvfk	NC_021043
jrwn	NC_021011
ravw	NC_016826 NC_016837
zltk	NC_017731
jyus	NC_021022
pkcc	NC_021015
uoer	NC_002967
rpbe	NC_012560
uktl	NC_021149
lruq	NC_021150
crkx	NC_002678 NC_002679 NC_002682
foce	NC_003047 NC_003078 NC_003037
ggbz	NC_017322 NC_017324 NC_017323
sund	NC_015591 NC_015590 NC_015596 NC_015597 NC_015592
kder	NC_017325 NC_017327 NC_017326
bngv	NC_018700 NC_018683 NC_018682 NC_018701
ohvj	NC_019845 NC_019846 NC_019849 NC_019847 NC_019848
qfsh	NC_020528 NC_020560 NC_020527
mpzv	NC_002977
mxyz	NC_019382
vult	NC_018829
ibvp	NC_002927
mttm	NC_018828 NC_018830
raev	NC_002928
ckwn	NC_002929
pqne	NC_017223
ivto	NC_018518
voxu	NC_002940
htxr	NC_003103
qrcx	NC_009446
ohcm	NC_004757
ypwk	NC_011206
mjqx	NC_011761
cphx	NC_008255
mskd	NC_007643 NC_007641
blpl	NC_017584
cpuh	NC_010175
ykga	NC_014833 NC_014825 NC_014827 NC_014824 NC_014826
ijiq	NC_001263 NC_001264 NC_000959 NC_000958
gfxr	NC_009785
rmtw	NC_003030 NC_001988
tiai	NC_017295 NC_017296
gple	NC_015687 NC_015686 NC_015688
dtmk	NC_008530
vpbp	NC_003212 NC_003383
oruw	NC_016802
igax	NC_016799
wbiw	NC_016782
cdyu	NC_016783
hgik	NC_016800
qyjd	NC_016787
hsmo	NC_016801
vuqp	NC_016788
wjwb	NC_016785
yemi	NC_016786
fkib	NC_016790
npfm	NC_016789
kbjy	NC_002935
exzo	NC_008596
ufma	NC_018289
edqv	NC_019966 NC_019959 NC_019958 NC_019957
rsvu	NC_007333
hlsw	NC_000912
pbau	NC_017504
eatj	NC_016807
cgtj	NC_020076
djbd	NC_002771
oucx	NC_000909 NC_001732 NC_001733
pivc	NC_007355 NC_007349
ghbo	NC_000917
pkxq	NC_002578
ivfl	NC_000853
ibpi	NC_023151
ucqa	NC_021214
cuxw	NC_003364
icra	NC_004432
ciya	NC_007517 NC_007515
ceag	NC_003155 NC_004719
khrb	NC_008800 NC_008791
osgd	NC_015224 NC_015475
ssep	NC_017564 NC_017565
vyyw	NC_002939
wdrw	NC_017454
oewp	NC_007794 NC_009427 NC_009426
esjw	NC_002689
sqcg	NC_000961
ajgp	NC_000854
duop	NC_007356
tqqd	NC_002936
uire	NC_009455
vnrk	NC_013552
gexv	NC_013890
kbkc	NC_020386
elfm	NC_020387
gktd	NC_022964
kepm	NC_000918 NC_001880
srac	NC_010628 NC_010630 NC_010633 NC_010629 NC_010631 NC_010632
czgc	NC_010364 NC_010366 NC_010368 NC_010369 NC_010367
ulyo	NC_003361 NC_004720
crmt	NC_002620 NC_002182
qrzi	NC_002570
jbku	NC_021592
cjux	NC_003888 NC_003904 NC_003903
anht	NC_003106
ecyv	NC_007973 NC_007974 NC_007971 NC_007972
jtec	NC_007503
aixx	NC_007951 NC_007952 NC_007953
pksq	NC_002978
tlja	NC_004344 NC_003425
hifh	NC_016893
qkfj	NC_003910
qrak	NC_003911 NC_006569
tsss	NC_004193
npoa	NC_003413
wsbd	NC_018092
auoq	NC_000916
vqqi	NC_003552
zxzx	NC_003551
dzxl	NC_003901
prbe	NC_020389
gxjz	NC_002932
zlzl	NC_004369 NC_004319 NC_004320
svpo	NC_004113
nycl	NC_008531 NC_008496
yyrz	NC_016805 NC_016821 NC_016820 NC_016828 NC_016827 NC_016806
llat	NC_007912
gjyp	NC_008312
odma	NC_004347 NC_004349
yska	NC_007797
bbhf	NC_021879
gwqn	NC_021880
seks	NC_021881
illy	NC_006397 NC_006396 NC_006390 NC_006392 NC_006391 NC_006393 NC_006394 NC_006389 NC_006395
hlum	NC_010645
gxoz	NC_012483
disr	NC_007798
jqrs	NC_004547
dmxt	NC_015761
fdkp	NC_021870 NC_021871
dhdo	NC_012004
lwel	NC_004552
wmvh	NC_007899 NC_007900
sxrd	NC_004663 NC_004703
aalh	NC_005027
fosa	NC_005955
kcxn	NC_018533
nnhg	NC_014034 NC_014035
acue	NC_004557 NC_004565
acqq	NC_006814
fnuu	NC_015214 NC_015213 NC_015218
crva	NC_021181
tnwl	NC_008011 NC_008012 NC_008013 NC_008014
ment	NC_020127 NC_020128 NC_020129 NC_020130
okfw	NC_004917
bgsd	NC_005956
oqin	NC_008818
eejp	NC_006087
ktry	NC_022438
brfb	NC_020834
zpvq	NC_020833
vcgc	NC_021082
xrmp	NC_021739
mmpu	NC_021743
vyrm	NC_021738
mdjz	NC_021883
xhph	NC_004567 NC_006377 NC_006375 NC_006376
cmag	NC_012984
jeaq	NC_014554 NC_014558
xzke	NC_020229 NC_021904 NC_021903 NC_021912
njxh	NC_021224 NC_021227 NC_021228 NC_021234 NC_021226 NC_021225 NC_021233
dsdu	NC_021514 NC_021527 NC_021517 NC_021518 NC_021520 NC_021528 NC_021519 NC_021516 NC_021515 NC_021525 NC_021526
hksp	NC_008525
hnle	NC_022780
tdzt	NC_008497 NC_008499 NC_008498
atuf	NC_020819 NC_020828 NC_020825 NC_020827 NC_020823 NC_020824 NC_020826 NC_020821 NC_020820 NC_020822
mrfn	NC_020064
utjy	NC_020211 NC_020212
egwd	NC_004829
pbtk	NC_017502
yspy	NC_017503
zgmp	NC_018406
vlvo	NC_018407
hahg	NC_018408
hccv	NC_018409
ggff	NC_018410
iceu	NC_018411
umsw	NC_018412
mxvo	NC_018413
vgkz	NC_005061
eyhi	NC_005090
glvt	NC_005085
etae	NC_008095
jhia	NC_011025
qzsx	NC_005213
wcqr	NC_005126
orkh	NC_005125
eaaa	NC_005303
ltbc	NC_007947
mzaw	NC_007644
djov	NC_010556 NC_010549 NC_010550
zelr	NC_006055
uulz	NC_022583
ptjv	NC_008148
tlbl	NC_009664 NC_009806 NC_009660
olxq	NC_007354
rioz	NC_014117 NC_014118 NC_014119 NC_014120
xyfi	NC_014539 NC_014540
jovv	NC_015137 NC_015136
mtnr	NC_016625 NC_016589 NC_016590 NC_016591 NC_016626 NC_016592
ynzr	NC_017921 NC_017922 NC_017920 NC_017923
ydff	NC_021288 NC_021294 NC_021287 NC_021295 NC_021289
zeqr	NC_009254 NC_009256 NC_009255 NC_009229 NC_009226 NC_009228 NC_009230 NC_009227
wtyt	NC_005861
vtql	NC_008825 NC_008826
btel	NC_006085
ynmk	NC_014039
jtak	NC_017534
ewjh	NC_017535
oucr	NC_017550
pphm	NC_016516
bwvc	NC_016512
bezd	NC_016511
edkk	NC_018707
amxo	NC_021085 NC_021086
hryu	NC_007168 NC_007170 NC_007169 NC_007171
spod	NC_007984
zhkj	NC_009504 NC_009505
teak	NC_022347 NC_022355 NC_022348
wony	NC_022660 NC_022656
mrhr	NC_022132
fpzw	NC_012039 NC_012040
xyrw	NC_013967 NC_013965 NC_013966 NC_013964 NC_013968
tajq	NC_014760
ibzv	NC_015725
mgnw	NC_018077
nuzn	NC_012440 NC_012439
kihb	NC_015713 NC_015710
pezt	NC_012438
zaso	NC_010803
xdhw	NC_009337
geuf	NC_013971 NC_013973 NC_013972
gkyg	NC_013961 NC_013957
otdg	NC_023056 NC_023072
huev	NC_023071
gsyt	NC_023055
nuqe	NC_018999
dzxg	NC_020919
yvhj	NC_020914
eita	NC_020915 NC_020920
hnbv	NC_020916
ommj	NC_020918
acrn	NC_020921
zwrb	NC_020917
rfgj	NC_016620 NC_019100
ayua	NC_010554 NC_010555
alri	NC_022000
dnnz	NC_010981
swkm	NC_016612
eewu	NC_018106 NC_021501 NC_018107
ojoq	NC_009617
ubxw	NC_008536
sewo	NC_009792 NC_009794 NC_009793
bwmv	NC_009778 NC_009779 NC_009780
zcxj	NC_017933
ypxh	NC_020260 NC_020263 NC_020261 NC_020262
odiz	NC_023032 NC_023024 NC_023025
zihn	NC_011059 NC_011061
qrah	NC_006138 NC_006139 NC_006140
yvme	NC_009879
voou	NC_016929
hjym	NC_009881
jxch	NC_013929
kjeq	NC_009925 NC_009926 NC_009929 NC_009930 NC_009928 NC_009927 NC_009933 NC_009934 NC_009932 NC_009931
noyh	NC_011060
amph	NC_008554
qdve	NC_008346
jckk	NC_007796
jenu	NC_007520
kvoy	NC_007575
xouh	NC_007404
ylbp	NC_006300
sguz	NC_006361 NC_006363 NC_006362
iibo	NC_006371 NC_006370 NC_005871
ubwk	NC_006624
oevk	NC_012778 NC_012780 NC_012782
mrdr	NC_012028 NC_012029 NC_012030
nrvy	NC_008740 NC_008739 NC_008738
vkgw	NC_017067
jobt	NC_012115
lfsd	NC_006513 NC_006824 NC_006823
znev	NC_007929 NC_007930 NC_006529 NC_006530
fwxt	NC_017481 NC_017480 NC_017479 NC_017499
oxft	NC_006582
fqab	NC_006677 NC_006674 NC_006673 NC_006676 NC_006675 NC_006672
yvbj	NC_019396 NC_019397
jyrm	NC_007498
yzrq	NC_021089
ghuu	NC_021084
vlti	NC_009655
iivm	NC_011988 NC_011989 NC_011981 NC_011982 NC_011991 NC_011984 NC_011986
rcdy	NC_014219
dnhn	NC_009614
ohqv	NC_014121 NC_014108 NC_014107
pjkw	NC_018079
iobg	NC_016514 NC_016515
zbnr	NC_018405
zjhq	NC_021046
rhve	NC_008609 NC_008607 NC_008608
zenu	NC_008700
glah	NC_007954
hbkj	NC_008345
yzor	NC_013892
dlvg	NC_014228 NC_014170
boyg	NC_014147
glrj	NC_014552
bqap	NC_021002
ejye	NC_014921
fetd	NC_008781 NC_008764 NC_008759 NC_008761 NC_008758 NC_008757 NC_008763 NC_008762 NC_008760
uion	NC_013716 NC_013719 NC_013717 NC_013718
etno	NC_008025 NC_009939 NC_008010
pkrk	NC_009253
qhbn	NC_013949
qdew	NC_010337
yskw	NC_016011
cuan	NC_013891
fesu	NC_008555
rapo	NC_008228
dkro	NC_015931
wodq	NC_009767
pzqv	NC_016640
umng	NC_009437
ckgi	NC_009138
yjce	NC_012779
jkhb	NC_014752
rawj	NC_007964 NC_007961 NC_007959 NC_007960
vyhr	NC_007406
opyc	NC_007716 NC_007720 NC_007718 NC_007717 NC_007719
yxbx	NC_007722
prcw	NC_009615
tysz	NC_017218
ceba	NC_020517
fzin	NC_014328
ilez	NC_018721
iujf	NC_014230
sptf	NC_010184 NC_010181 NC_010183 NC_010180 NC_010182
dukh	NC_008268 NC_008269 NC_008270 NC_008271
qoak	NC_007292
akwq	NC_007109 NC_007111 NC_007110
txkb	NC_009092
fnoo	NC_008048 NC_008036
ujsb	NC_007908 NC_007901
ewru	NC_007614 NC_007617 NC_007616 NC_007615
gcep	NC_008344 NC_008341 NC_008342
dbal	NC_009776
urgt	NC_007969 NC_007968
nzgi	NC_007514
xzfu	NC_007181
zqvd	NC_020247
bbnf	NC_020246
fvbo	NC_023069
pemu	NC_009009
bacj	NC_007681
uwcv	NC_009376
ownx	NC_007350 NC_007351 NC_007352
ehrq	NC_009828
xrng	NC_010525
ckxw	NC_014623
fbow	NC_015634
cknx	NC_016023
ldne	NC_012796 NC_012795 NC_012797
xoep	NC_010397 NC_010394
lroo	NC_018150
htou	NC_021282 NC_021279 NC_021278
dzun	NC_013457 NC_013456
ycld	NC_016613 NC_016614
crve	NC_014323
hvep	NC_014012
nozz	NC_014319
jsdd	NC_009720 NC_009717
gyfm	NC_010530 NC_010528 NC_010529
cswe	NC_008340
eixr	NC_008726
flck	NC_007426 NC_007427 NC_007428
jksk	NC_008553
dagd	NC_008789
bjkm	NC_009483
ehtm	NC_009484 NC_009474 NC_009467 NC_009469 NC_009471 NC_009468 NC_009473 NC_009470 NC_009472
zzxs	NC_008009
jyug	NC_007645
woos	NC_014483
ontp	NC_014622 NC_014628
umuk	NC_017542 NC_017543
deng	NC_023037
pelo	NC_010471 NC_010466 NC_010469 NC_010470 NC_010467
sooz	NC_009922
soaa	NC_009441
yrqq	NC_015856
qycb	NC_013861 NC_014544
cwbm	NC_008578
wqai	NC_007677 NC_007678
gaud	NC_014032 NC_014026 NC_014157 NC_014030 NC_014028
zplw	NC_010001
jrjc	NC_008709
qcjy	NC_007759
cxdz	NC_015677
riuv	NC_009636 NC_009621 NC_009620 NC_009622
dclk	NC_008698 NC_008696
qlwo	NC_009972 NC_009973 NC_009974
zxse	NC_011899
cbkn	NC_010482
gjst	NC_009379
vbiq	NC_010531
tbxb	NC_012526 NC_012529 NC_012528 NC_012527
badp	NC_008570
dqmg	NC_021290
knyu	NC_014215
wymp	NC_011831
riin	NC_009718
zsni	NC_008701
whal	NC_008027
guww	NC_009434
rvzg	NC_017532
eztt	NC_015740
rteo	NC_018028
lwvy	NC_018177
ijsh	NC_019936 NC_019937 NC_019938 NC_019939
hctc	NC_008593
ksbu	NC_021314
xbdb	NC_008610
hhzw	NC_009486
gast	NC_008343
becj	NC_009802 NC_009796 NC_009795
rehz	NC_009715
bbog	NC_008212 NC_008213
wggh	NC_017459 NC_017460 NC_017457 NC_017458
ghpv	NC_008786 NC_008771
srup	NC_009616
ronh	NC_008229 NC_008230
ijym	NC_008347
gdbr	NC_009511 NC_009508 NC_009507
kdem	NC_008278
nhzd	NC_010622 NC_010623 NC_010627 NC_010625
amfl	NC_009901
xyst	NC_009952 NC_009955 NC_009959 NC_009956 NC_009958 NC_009957
rpey	NC_011898
geei	NC_009954
ggxh	NC_010814 NC_010815
ihmm	NC_009440
vysf	NC_009033
xszq	NC_010506
tzip	NC_009439
zxdm	NC_015410
pdbq	NC_009832 NC_009829
dotu	NC_010676 NC_010681 NC_010679
iptg	NC_009719
tktn	NC_011566
pqwp	NC_010003
vylq	NC_011146
cfjx	NC_009634
pcpe	NC_009943
oubo	NC_008942
yooh	NC_009073
rtmq	NC_011229 NC_011226 NC_011264 NC_011251 NC_011249 NC_011259 NC_011265 NC_011262 NC_011245 NC_011250 NC_011248 NC_011256 NC_011261 NC_011254 NC_011224 NC_011247 NC_011257
rfle	NC_011244 NC_011258 NC_011263 NC_011260 NC_011246 NC_011252 NC_011253 NC_011255
eihi	NC_009465
kois	NC_012633 NC_012634
lpit	NC_009900 NC_009897
nvah	NC_016931 NC_016939
dxkq	NC_011420
qink	NC_009712
jhpf	NC_009635
mjjm	NC_009328 NC_009329
rbxx	NC_009831
phhh	NC_010376 NC_010371
bddh	NC_009454
ymsa	NC_023065
fyov	NC_013009
eskc	NC_010168
nnsb	NC_010163
buft	NC_010085
zzye	NC_013926
ufdi	NC_003869
cfax	NC_016751 NC_016748
prir	NC_015730 NC_015729 NC_015741 NC_015728
mvkt	NC_014804 NC_015471
itvm	NC_011768
tzun	NC_010725 NC_010727 NC_010721
gxsf	NC_010382 NC_010381
loes	NC_009464
ncdh	NC_010644
jteq	NC_012180 NC_012169 NC_012129 NC_012177 NC_012128 NC_012166 NC_012204 NC_012130 NC_012185 NC_012133 NC_012131
zjpn	NC_011144 NC_011143
iofi	NC_009613
fool	NC_010830
ssnq	NC_010571
tqqj	NC_011886 NC_011881 NC_011879
rjwy	NC_010524
nuun	NC_009714 NC_009713
mbeu	NC_015145 NC_015146 NC_015147
iigy	NC_010655
wbbm	NC_010718 NC_010724 NC_010715
bqoy	NC_011999 NC_012003 NC_011995 NC_011997 NC_012000 NC_011998 NC_011996 NC_012002 NC_012001
lrar	NC_020133 NC_011355
mmxj	NC_010334
ejyo	NC_011894 NC_011888 NC_011889 NC_011892 NC_011887 NC_011895 NC_011893 NC_011890
rotn	NC_010694 NC_010697 NC_010699 NC_010693 NC_010696 NC_010695
lgbl	NC_011666
ipjt	NC_011529
bplf	NC_010581 NC_010580 NC_010578
rfdc	NC_012108 NC_012109
gotc	NC_010424
qqca	NC_012489
xzpj	NC_012490 NC_007487 NC_007491 NC_007486
pryg	NC_007204
ykma	NC_007955
vmyn	NC_007298
arsr	NC_019567
bgzw	NC_005363
lzbo	NC_005362
irsu	NC_013504 NC_012552 NC_013505
ocmo	NC_017477
cxbd	NC_022909
ahaz	NC_014033
ffca	NC_005877
jfgh	NC_014000 NC_007413 NC_007412 NC_007411 NC_007410
wmhs	NC_007294
ahmq	NC_006142
ptup	NC_017066
agdl	NC_017062
aedi	NC_006908
itql	NC_006512
smlw	NC_021286
wccq	NC_013385 NC_013386
wcxn	NC_006177
wixg	NC_008260
lcnp	NC_009633
mqal	NC_007512
egkv	NC_008687 NC_008686 NC_008688
vntx	NC_006510 NC_006509
qlsy	NC_014970
corm	NC_017520
gehy	NC_007576
uwqa	NC_013222
yzbm	NC_023134 NC_023147
ohso	NC_014414
pnor	NC_008710
efyz	NC_015138
embk	NC_007482 NC_007481
iiry	NC_008358
gepr	NC_009850
okxi	NC_021878
jlky	NC_017187
icxj	NC_009051
yvxw	NC_013722 NC_017557 NC_017555 NC_017556
kbhd	NC_011047
hvnj	NC_014751
osaf	NC_017521
dbtb	NC_011653
ihvc	NC_010617
nshz	NC_015711
caji	NC_016948
ahhp	NC_016946
igxn	NC_016947
fpww	NC_014010
obgw	NC_010162
ugkb	NC_021658
bain	NC_010170
zbls	NC_011766
jcxk	NC_011567
ukld	NC_010995
henw	NC_014814 NC_014812 NC_014811
butv	NC_013508 NC_013509
ihwr	NC_017309 NC_017318
slef	NC_014614
tnqj	NC_012176 NC_012190 NC_012183 NC_012173 NC_012164 NC_012200 NC_012181 NC_012132
scqn	NC_020449
irdk	NC_011386
ewpx	NC_015684 NC_015689 NC_015685
oree	NC_017538 NC_017536 NC_017539
xpjm	NC_013791 NC_013793 NC_013792
ibxn	NC_010794
jihd	NC_015428 NC_015421 NC_015420 NC_015429
ixbk	NC_018610 NC_016035 NC_016034 NC_018611
jjfo	NC_014014
pjbd	NC_011565 NC_011564 NC_011562 NC_011561 NC_011563
mwkk	NC_014109 NC_013962
ipsx	NC_012781
fcnf	NC_021010
gtro	NC_021044
exws	NC_012491
jrwa	NC_014388 NC_014387 NC_014389 NC_014390
zvkp	NC_011661
mjex	NC_011901
reqg	NC_010545
tptr	NC_020230
irsc	NC_011027
qaxe	NC_011026
xtwf	NC_011832
mesk	NC_012034 NC_012037 NC_012036
rzwg	NC_012785
ollh	NC_013194 NC_013190 NC_013193 NC_013191
dhaz	NC_012985
hqfl	NC_020549
tcyj	NC_010544
tkmr	NC_021236
jfyx	NC_012881
omew	NC_010673
iimk	NC_013720
ublm	NC_011992
mwea	NC_015578
wdlg	NC_015577
josw	NC_013205 NC_013206 NC_013208 NC_013207
rkfp	NC_017167
telp	NC_012522 NC_012521 NC_012520 NC_012523 NC_006970 NC_006969
yrtg	NC_012792 NC_012791
moye	NC_014931
tqiy	NC_022247 NC_022234
tyxm	NC_012962 NC_012961
xttq	NC_015714
buoq	NC_013922 NC_013925 NC_013923 NC_013924
imwn	NC_011313 NC_011312 NC_011316 NC_011315 NC_011311 NC_011314
ksmr	NC_014002
xoaa	NC_011295
gtyf	NC_011297
npnm	NC_011296
imud	NC_014541
svpk	NC_014248 NC_014249 NC_014250
ytqr	NC_012559
ytcy	NC_012997
vvsd	NC_022663 NC_022654
nsdg	NC_014377
gkwe	NC_013422
vmsu	NC_012917
wtsz	NC_018525
rkly	NC_012751 NC_012752
mdxt	NC_012225 NC_012226
jkce	NC_013421
ppjc	NC_012912
rssg	NC_014098
xrdr	NC_014506
tgli	NC_013715
qaei	NC_014106
nvyg	NC_020990
lgtk	NC_013597 NC_013416 NC_014629 NC_013438
sbur	NC_017846
gjbc	NC_016513
jfxg	NC_016632
fbko	NC_013118 NC_013119
odws	NC_013851 NC_013852 NC_013862
obfg	NC_014632 NC_014634 NC_014633
ndsh	NC_013741 NC_013742
rapv	NC_014964
cnth	NC_014011
xtvg	NC_014537
mtwg	NC_017455
mtvq	NC_014166
dfeh	NC_014816 NC_014817 NC_014818 NC_014819
gvyo	NC_014393
zxua	NC_014122
ofla	NC_013156 NC_013157
opvv	NC_014364
gkwx	NC_013532
iskq	NC_014378
fdrl	NC_014962 NC_014957
rehp	NC_014394
kjjj	NC_014972
hvsu	NC_013407 NC_013409 NC_013408
syey	NC_013921
zqjr	NC_013959
drpj	NC_014410
gyzm	NC_019970 NC_019956
wwst	NC_012982 NC_012983
bsbk	NC_012969 NC_012972 NC_012970
emfu	NC_014313
oxrq	NC_021172
adoc	NC_014209
isfp	NC_014471
hyhu	NC_014008
meho	NC_011740 NC_011743
bmcf	NC_018073
dpvj	NC_022246
crbp	NC_022237
rgun	NC_017765 NC_017766 NC_016972
wkum	NC_020895 NC_020293 NC_020894
cnju	NC_014216
xvfk	NC_013849
kqkq	NC_014153 NC_014155 NC_014154
leaf	NC_013642
vxpq	NC_012804
sdww	NC_014205
ylsu	NC_013740
ybun	NC_014658
kedy	NC_015514
jlez	NC_015671
xjfq	NC_015675
bmsl	NC_012691
mefj	NC_013799
atpl	NC_017161
gwoo	NC_012883
ggoi	NC_015948 NC_015943 NC_015944
cviq	NC_023010 NC_023013 NC_023012 NC_023011
nzpk	NC_013790
ffhn	NC_012214 NC_013265 NC_013264 NC_013263 NC_013954
ivmm	NC_017390 NC_017391 NC_017388 NC_017389 NC_017392
omoh	NC_014306 NC_014305 NC_014304
peas	NC_012121
syud	NC_012846 NC_012847
himq	NC_014448
yqtr	NC_017519
ppdq	NC_016829
udok	NC_019552
sxwx	NC_022807
swow	NC_014160
gxxy	NC_012913
yyln	NC_015850 NC_015853 NC_015851 NC_015852 NC_015854
ykym	NC_013960 NC_013958
bbox	NC_014363
fxsq	NC_014375
qads	NC_013894
sntp	NC_014100
ofeu	NC_015975
rujw	NC_014370 NC_014371
notv	NC_013721
lesc	NC_014644
nhis	NC_017456
eedv	NC_014643
tnjt	NC_016630
uozt	NC_022112 NC_022123 NC_022114
frjw	NC_014246
oxof	NC_021012
ousz	NC_021040
mufa	NC_017761 NC_017762
xbpi	NC_020555
poxn	NC_015437
bwjt	NC_020164 NC_020165 NC_020269 NC_020266 NC_020268 NC_020264 NC_020265 NC_020274 NC_020267
nsop	NC_012590 NC_010813
yvum	NC_014659
pgid	NC_015601
dxtd	NC_014217
gany	NC_014639
gtmp	NC_013850
jaat	NC_014168
kirv	NC_016803
pnpf	NC_014220
tsrf	NC_014759 NC_014750
azmm	NC_014218
ulij	NC_014365
dond	NC_014391
vkkk	NC_012704
ldve	NC_013062
ssgr	NC_014844
ftqb	NC_014831
nhma	NC_015172
zazn	NC_014655
cowj	NC_015702
fplq	NC_014221
qmzc	NC_014829
znoj	NC_010572
atxy	NC_012806
jnui	NC_014836
jilw	NC_014664
omnx	NC_015291
efib	NC_014640 NC_014641 NC_014642
ymyp	NC_023061
emjb	NC_013203
rnib	NC_015656 NC_015657 NC_015664
wixo	NC_021031
cknf	NC_021013
uafq	NC_021041
okll	NC_021039
iyhi	NC_021019
argt	NC_014041
hbjl	NC_021021
wcob	NC_021017
vmuy	NC_014774
eota	NC_010321
rthm	NC_008752
yhob	NC_007626
pbnt	NC_004578 NC_004632 NC_004633
utzd	NC_005773 NC_007274 NC_007275
igab	NC_016603
pebu	NC_021035
roun	NC_014803 NC_014800
oryb	NC_012968
gsfv	NC_015673
xeph	NC_014828
ishm	NC_014484
zuao	NC_017583
hagk	NC_014374
veiq	NC_013282 NC_013284 NC_013283 NC_013285
fxfr	NC_014207
ywnj	NC_015164 NC_015165 NC_015168 NC_015166
avgg	NC_015681
wzql	NC_015949
vpba	NC_014314
pubn	NC_014761 NC_014753
dbqc	NC_014315 NC_014317 NC_014316
hapf	NC_014392
bsiu	NC_022359 NC_022349
stcp	NC_016602 NC_016628
gegl	NC_015312 NC_015314 NC_015313
zwvy	NC_015676
dauz	NC_014507
hkhc	NC_015757
gtnw	NC_016884 NC_016888
rggt	NC_015660 NC_015665 NC_015661
doov	NC_014652
nyee	NC_014657
uacx	NC_014136 NC_014135 NC_014132 NC_014134 NC_014131 NC_014133
mvnj	NC_014329
mxuf	NC_017301
apor	NC_017300
hpdp	NC_017303
kqra	NC_017305
xbtb	NC_017306
jfnv	NC_017307
ljqs	NC_017308
mwgw	NC_016781
deak	NC_016932
cbti	NC_017031
orzo	NC_017462
scvf	NC_017730
fzex	NC_017945
lwcr	NC_018019
pusb	NC_014152
xeka	NC_015968 NC_015963 NC_015969
adgk	NC_015275
haxu	NC_015707
hklp	NC_014934
fuxe	NC_013520
lugk	NC_014910 NC_014911 NC_014908
fswk	NC_015422 NC_015423
fzdt	NC_015726 NC_015723 NC_015724 NC_015727
vbxg	NC_008314 NC_008313 NC_005241
oujz	NC_009674 NC_009673
vdzu	NC_014923 NC_014918
ntha	NC_006156 NC_006128 NC_006129
dqxx	NC_007508 NC_007505 NC_007504 NC_007507 NC_007506
ppeq	NC_013743 NC_013745 NC_013747 NC_013746 NC_013748 NC_013749 NC_013744
nfru	NC_014253 NC_014254
hxqt	NC_015161 NC_015162 NC_015170 NC_015169 NC_015163
kizs	NC_014933
gsoz	NC_014738
cqxg	NC_017569
ijvu	NC_017045
tdiz	NC_018609
aeiv	NC_020125
yohx	NC_014734
uali	NC_014724 NC_015322 NC_015319
ynom	NC_017470 NC_017471 NC_017472
qruh	NC_014376
dogb	NC_021047
fhwx	NC_015722
eovs	NC_022238
hykg	NC_022236
xqwf	NC_022245
snek	NC_015520
gfop	NC_015958
woaa	NC_013893
enph	NC_017353
opwx	NC_013895
fgsb	NC_014721 NC_014719
atmt	NC_015389
euvi	NC_016609
zqkq	NC_013665
xpny	NC_015957 NC_015951 NC_015952
slzr	NC_014654
rzda	NC_022239
irlm	NC_022244
xonx	NC_013956
sjsp	NC_017554 NC_017553
jcqb	NC_017531 NC_017533
cwip	NC_016816 NC_016817
htpj	NC_010118
hrhg	NC_013123
rpwd	NC_014004
ukal	NC_014499
zuru	NC_021916
zdaf	NC_018025 NC_018026
hobq	NC_014762 NC_014763 NC_014756 NC_014754 NC_014755
yhdp	NC_014958
ciqs	NC_015160
xfhl	NC_014318
ixty	NC_017186
junk	NC_018266
tqam	NC_022116
rllu	NC_014562 NC_014563 NC_014561 NC_014258
ukzq	NC_015978 NC_015980 NC_015979
iumr	NC_015636 NC_015632
tcmm	NC_013798
yypb	NC_015215 NC_015219
bztk	NC_017576
zvij	NC_021009
gyib	NC_021030
avgp	NC_021038
kidt	NC_015977
iiuh	NC_014408 NC_014409
ksub	NC_014830
tjpa	NC_014225 NC_014226
smrz	NC_015672
ylip	NC_021016
bsxd	NC_014259
dhdz	NC_017506 NC_017508 NC_017507
apum	NC_013939 NC_013940
uesc	NC_014974 NC_014975
wkoi	NC_014355
ldkz	NC_015946
gtwt	NC_021083
pall	NC_014914
nibb	NC_018108
yays	NC_015732
nibo	NC_018644
vums	NC_015499
czkj	NC_014935
vfxw	NC_014013 NC_014006 NC_014007 NC_014009 NC_014005
oyvq	NC_015174
ckqz	NC_016582
vpqj	NC_015321
raju	NC_015589
jrcl	NC_016631
gtew	NC_015152
jjfc	NC_017384 NC_017385 NC_017386
xuyq	NC_014625 NC_014626 NC_014621
qhrl	NC_013204
xroj	NC_015436
qgga	NC_015318
crqb	NC_015510 NC_015511 NC_015513 NC_015512
iiod	NC_014330
emrq	NC_018607
qzks	NC_019908
ayec	NC_018604
jebf	NC_015678
wifg	NC_017905
neki	NC_014961
ojtr	NC_014963
mvog	NC_017934 NC_017935
hgjo	NC_015703 NC_015695 NC_015694 NC_015705 NC_015693 NC_015704
zmpb	NC_018142
vdvm	NC_015311
gzvv	NC_015177
aldm	NC_014926 NC_014917
bqex	NC_014297 NC_014298 NC_014301 NC_014303 NC_014300 NC_014302 NC_014299
zxgq	NC_014758 NC_014749
uqqp	NC_015588
hxxz	NC_015556
dceq	NC_015593 NC_015594 NC_015595
fjlx	NC_015859
nxvu	NC_014909
tefj	NC_015846
ctsi	NC_015555
fbai	NC_015508 NC_015183 NC_015184
vglo	NC_015964
unoi	NC_015144
nxnc	NC_016818 NC_016819 NC_016835 NC_017092
cgnb	NC_017047 NC_017807 NC_017060 NC_017773
qyjr	NC_015167
wwjj	NC_015385 NC_015386
azzm	NC_015387
llsi	NC_015278
iony	NC_013162
ebqf	NC_015185
hnyb	NC_015320
hoqy	NC_015501
kant	NC_015565
xpua	NC_015562
lyvh	NC_012587 NC_012586 NC_000914
oyus	NC_018000
ufbg	NC_016812 NC_016813 NC_016814 NC_016815 NC_016836
whkv	NC_015742
lsxj	NC_015637 NC_015633
xwrz	NC_022224 NC_022223 NC_022225
udbt	NC_013171 NC_013164
bbri	NC_013511
bxnk	NC_014624
trbk	NC_015945
wvlg	NC_015559
plys	NC_015573
ticy	NC_014924
wptw	NC_014532
hjeq	NC_015558
gwga	NC_015276
vkpw	NC_015581
adae	NC_014366
qjuc	NC_016629
diig	NC_015954 NC_015955 NC_015959
bcom	NC_013501 NC_013502
awft	NC_015966 NC_015970 NC_015967
aipv	NC_015875 NC_015876
huoh	NC_014550 NC_014548 NC_014549
gjry	NC_015388
zyuv	NC_014720
tnir	NC_015735
wdhj	NC_021057
hugz	NC_015500
fxcl	NC_015572
jsul	NC_019897 NC_019898
ozqq	NC_019960 NC_019968 NC_019969 NC_019961
jmbq	NC_022546 NC_022534 NC_022533
qdit	NC_015666 NC_015658 NC_015667 NC_015659
pwyp	NC_021184
drry	NC_019964
ooao	NC_014960
fkds	NC_018631
kimn	NC_014722 NC_014718 NC_014723
etyz	NC_013521
jfde	NC_013441 NC_013442
couy	NC_013440
hjkm	NC_013512
zeqn	NC_013515 NC_013516
jbgj	NC_013517 NC_013519 NC_013518
ljst	NC_013510
vzar	NC_013522
tesb	NC_013530 NC_013531
avrt	NC_013523 NC_013524
sfac	NC_013526 NC_013525
mnom	NC_013595 NC_013596
vbbd	NC_013730 NC_013737 NC_013731 NC_013738 NC_013732 NC_013733 NC_013736 NC_013735 NC_013734
hpto	NC_013729
oglw	NC_013739
dymu	NC_013757
edrv	NC_013943
ylal	NC_013946
cymq	NC_021081
sazg	NC_013947
vayg	NC_014148 NC_014149
xbiq	NC_014150
frad	NC_014151
mjdg	NC_014158 NC_014159
lkhn	NC_014165
ocvn	NC_014210 NC_014211
ekre	NC_014212 NC_014214 NC_014213
lbim	NC_014729 NC_014736 NC_014732 NC_014735 NC_014731 NC_014737
ewen	NC_013172
zwdr	NC_013093
scts	NC_013170
rrpn	NC_012669
itke	NC_013037
tuzo	NC_013165
fmzm	NC_013174
jhst	NC_013159
ztmb	NC_013169
cxdl	NC_013131
emke	NC_013202 NC_013201
fawy	NC_013216
lwzp	NC_013061
mvtf	NC_013132
tgsf	NC_013223 NC_013224
saml	NC_013158
igpk	NC_013166
wpbx	NC_013192
ugmn	NC_013124
ealc	NC_013173
tgzk	NC_013235
wrqo	NC_015518
lzrd	NC_015663
ropi	NC_020181 NC_020180 NC_020182
hzja	NC_018017
hltk	NC_014810
zkvs	NC_014925
avev	NC_017568
wepd	NC_015942
jali	NC_019903
ftpx	NC_018068 NC_018066 NC_018067
igts	NC_015683
ljhc	NC_017317
thie	NC_018101
auxo	NC_014932
xzxr	NC_015434 NC_015409
dvhx	NC_015125
roeh	NC_015408
aalp	NC_022439
cmob	NC_022440
gbed	NC_022441
arvw	NC_015151
nujt	NC_015416 NC_015430
nlbl	NC_015564 NC_015560 NC_015561
spyj	NC_018014
nsko	NC_015259 NC_015258
mhei	NC_015186 NC_015181 NC_015179 NC_015189 NC_015182 NC_015178 NC_015187 NC_015180 NC_015188
qpoy	NC_015424
bewk	NC_015690
dhwl	NC_016935
lruf	NC_017672
iggp	NC_015315
hjsl	NC_015376 NC_015381 NC_015378 NC_015382 NC_015377 NC_015383
mqka	NC_019904
arpo	NC_015379
oskh	NC_015460 NC_015461
hubq	NC_015435
htvw	NC_018643
ycil	NC_017028 NC_017029 NC_017020 NC_017021
vjpg	NC_016599
ebbc	NC_015680
bcra	NC_015516 NC_015517
lbjq	NC_016938
sstd	NC_015635
kngs	NC_021921 NC_021913
zhix	NC_015866
aerj	NC_015602 NC_015598 NC_015603
lgfd	NC_015600
wifs	NC_015674 NC_015670
hrzs	NC_017243 NC_017242
lhzt	NC_015759 NC_015756
dnuo	NC_015758
tpjg	NC_015914
ibgm	NC_015921 NC_015904 NC_015907 NC_015906 NC_015905 NC_015915 NC_015922 NC_015916 NC_015920 NC_015917 NC_015918 NC_015911 NC_015910 NC_015903 NC_015909 NC_015908 NC_015919
bcqk	NC_015848
irdf	NC_019951
tmon	NC_019950
tjza	NC_019952
xwqg	NC_019965
fvkc	NC_018001
tmqa	NC_018515
hthq	NC_017095
lfae	NC_016010
qafi	NC_018513 NC_018514
mjxu	NC_016052
mcxy	NC_018081 NC_015845
kioz	NC_018016
nsdq	NC_017068 NC_017074 NC_017073 NC_017076 NC_017069 NC_017078 NC_017072 NC_017070 NC_017071 NC_017077
dfsy	NC_018750
gntc	NC_017094
pssc	NC_022041 NC_022044 NC_022043 NC_022050 NC_022042 NC_022049
hydk	NC_018024
oipc	NC_017770
pgwo	NC_016940 NC_016936
mlwp	NC_019793 NC_019789 NC_019790
kach	NC_016026
ivvy	NC_020812
jkhw	NC_016024 NC_016025
jsoz	NC_016001 NC_018751
mwqk	NC_019892 NC_019894 NC_019895 NC_019893
kmrg	NC_016043
lpyq	NC_016041
tctk	NC_020418
ccec	NC_021064
hdaf	NC_018012
kdpp	NC_012793 NC_012794 NC_012790
fpnx	NC_013411 NC_013412
ayza	NC_014206
ojtq	NC_014650 NC_014651
nipi	NC_014915 NC_014916
dsqm	NC_020210
djqu	NC_022080 NC_022092
vono	NC_017860 NC_017861
dhzq	NC_016610
zenq	NC_021182 NC_021183
ekbn	NC_016617 NC_016594 NC_016618 NC_016619 NC_016596 NC_016595 NC_016597
qgmr	NC_020059 NC_020062 NC_020061 NC_020060
pcjp	NC_009783 NC_009784 NC_009777
zetm	NC_022269 NC_022270 NC_022271
yzej	NC_016639
jidd	NC_017065
sxpo	NC_016077
tois	NC_020156
jfcq	NC_016148 NC_016149
mbqp	NC_017910
rxsu	NC_016616
tmwa	NC_019695 NC_019696 NC_019699
xnfm	NC_018645
twee	NC_016050
jebj	NC_017941 NC_017942 NC_017943 NC_017944
ipjs	NC_019778
dfrw	NC_018011
nicz	NC_021885 NC_021886
ijtw	NC_018612
tayv	NC_018690
hqib	NC_018704
vbua	NC_016885 NC_016886
ebke	NC_016605 NC_016635 NC_016636 NC_017018 NC_016608 NC_016606 NC_017019 NC_017017 NC_016607
qbnh	NC_017096
weri	NC_016048 NC_016046
gcro	NC_019771 NC_019775 NC_019772 NC_019773 NC_019774 NC_020056 NC_020157
lqei	NC_017790 NC_017792 NC_017791 NC_017793 NC_017806 NC_017805 NC_017771
rxab	NC_018013
pavc	NC_019978
ggcw	NC_019974 NC_019976 NC_019975
vrlx	NC_019973
jqxy	NC_016633
skra	NC_016622 NC_016624 NC_016586 NC_016587 NC_016623 NC_016588 NC_016585
aemi	NC_018010
qshg	NC_017668 NC_017670 NC_017669
gfgw	NC_020388
xsar	NC_019977 NC_019972
psfe	NC_018020 NC_018021
trhm	NC_017098
xyzv	NC_019962 NC_019967 NC_019963
ubyp	NC_018027 NC_018023 NC_018022
dbgi	NC_016604
arcj	NC_016109
rrtg	NC_019792
pixj	NC_018748 NC_018745 NC_018744 NC_018742 NC_018749 NC_018743
chpz	NC_018719
rgcj	NC_018691
zpia	NC_020291 NC_020292
zspm	NC_016894
tgam	NC_019940 NC_019941
sddi	NC_017464
mgep	NC_019943
xbym	NC_016111 NC_016113
povr	NC_017586 NC_017585
fnoy	NC_016584
pxaf	NC_023150 NC_023144 NC_023145
aqfj	NC_016510
onbm	NC_016147
mtan	NC_018649
xgho	NC_018673 NC_018675 NC_018674 NC_018698 NC_018699
vocr	NC_019791
gdbq	NC_022878 NC_022879 NC_022884 NC_022881 NC_022880 NC_022883
xcaw	NC_021900
cxvo	NC_020892
vhff	NC_016627
eiys	NC_016078 NC_016079
oagr	NC_017034
ndlc	NC_018665
dexq	NC_019425
jjqu	NC_017909
kgnc	NC_023029
gcsc	NC_016070
rsfn	NC_018876
azzt	NC_023135 NC_023136 NC_023146
bars	NC_016930
zism	NC_017044
olxb	NC_017058 NC_017041
ahqn	NC_017042 NC_017055
ahrm	NC_017043
gbeg	NC_020301
ebdf	NC_020300
hkuk	NC_017992 NC_018264 NC_017998
bmrj	NC_017527 NC_016637
mdfj	NC_017956 NC_017959 NC_017958 NC_017957 NC_017966
xwzm	NC_016638
udnm	NC_016906 NC_016907
mmfr	NC_018868
dfab	NC_023075
fwjr	NC_023076
emgj	NC_016887
xqoa	NC_018664 NC_018657
davd	NC_017964 NC_017965
sxgr	NC_018870
lrke	NC_016641
zcof	NC_015873
zkzh	NC_016749 NC_016750
ttan	NC_020135
htkw	NC_018681
hrwp	NC_018267
fxge	NC_022084
rgux	NC_017075
ilyf	NC_017030
mgvx	NC_017079
kkqh	NC_016593
notk	NC_019386 NC_019388 NC_019387
izah	NC_018002
vacj	NC_017033
zvsi	NC_018065 NC_018069
mhrk	NC_018018
esnh	NC_022576
ipcp	NC_017080 NC_017081
ymjz	NC_018720
sbrm	NC_016943
udaa	NC_013260
xqqv	NC_022786
rtmj	NC_017059
oxee	NC_021591 NC_021594
ilzu	NC_015567
byda	NC_021659
qtlg	NC_017808 NC_017818 NC_017784 NC_017797 NC_017811 NC_017786 NC_017815 NC_017787 NC_017777 NC_017810 NC_017794 NC_017796 NC_017801 NC_017775 NC_017822 NC_017800 NC_017816 NC_017795 NC_017798 NC_017789 NC_017788 NC_017780 NC_017819 NC_017782 NC_017779 NC_017812 NC_017778 NC_017783 NC_017814 NC_017813 NC_017809 NC_017802 NC_017781 NC_017821 NC_017820 NC_017774 NC_017817 NC_017776 NC_017799 NC_017785
jgki	NC_021252 NC_023497
cvev	NC_018290 NC_018288 NC_018291 NC_018287
lwzq	NC_018507
ehhu	NC_018618
coht	NC_018676
jwxj	NC_018677
qqzg	NC_020831
vpct	NC_017461
xzta	NC_017735 NC_017736
wmmu	NC_017737 NC_017738
vatt	NC_007519
jfsj	NC_020304 NC_020305
imba	NC_017093
owjy	NC_019395
scja	NC_019675
qxax	NC_019780
heiw	NC_019693 NC_019700 NC_019694
hdcj	NC_019757 NC_019758 NC_020050 NC_019744
pftc	NC_019753 NC_019755 NC_019737 NC_019756 NC_019733 NC_019735 NC_019736 NC_019734 NC_019754
qmib	NC_019748 NC_019765 NC_019749 NC_019750 NC_020052 NC_019766
scmu	NC_019670
zjar	NC_022738 NC_022739
iwdv	NC_023064
zmpj	NC_008044 NC_008042 NC_008043
gnhl	NC_015953
vncn	NC_021055 NC_021056
mkkz	NC_005966
xzsw	NC_007777
jejs	NC_009921
fmyl	NC_014666
xubt	NC_015222 NC_015223 NC_015221
jbow	NC_015731
juay	NC_002607 NC_002608 NC_001869
czcs	NC_021171
aopx	NC_017743
udiz	NC_018224 NC_018225
vjmx	NC_019683
fguh	NC_020561 NC_020563
jbuc	NC_015737
wlof	NC_016791
bngh	NC_007513
wwjt	NC_007516
usmt	NC_007775
ewku	NC_008319
nyrq	NC_010475 NC_010476 NC_010474 NC_010480 NC_010479 NC_010478 NC_010477
ynki	NC_009481
takb	NC_009482
guxy	NC_005070
mexd	NC_007776
mkxy	NC_019680 NC_019681
bpiz	NC_019702 NC_019691 NC_019692
drid	NC_015474
vama	NC_017946
flco	NC_017445 NC_017446 NC_017443 NC_017442 NC_017447 NC_017444
syzn	NC_009436 NC_009425
aloz	NC_021500 NC_021492
eycs	NC_015061 NC_015063 NC_015062
ejdy	NC_003272 NC_003270 NC_003267 NC_003240 NC_003276 NC_003241 NC_003273
hcmq	NC_019676
cpoc	NC_019684 NC_019677 NC_019685
dvfj	NC_008541 NC_008539 NC_008538 NC_008537
vorn	NC_018531 NC_009453 NC_018532
rwxa	NC_017278 NC_016634
xyqv	NC_008322 NC_008320
yyhq	NC_008321
xywd	NC_008750
dwdb	NC_008577 NC_008573
riru	NC_015865
ckfs	NC_016051
ouzs	NC_018015
drbu	NC_009485 NC_009475
ybzp	NC_009445
hpvy	NC_017082
prwk	NC_015566
gzcv	NC_017573
jemh	NC_022582
sqpz	NC_022584
cvec	NC_000911 NC_005229 NC_005231 NC_005230 NC_005232
wlyd	NC_017277
vasa	NC_017038
jfdy	NC_017052
yfqj	NC_017039
xqwl	NC_020286 NC_020296 NC_020290 NC_020289 NC_020298 NC_020297 NC_020288 NC_020287
dsrt	NC_007948 NC_007949 NC_007950
atlk	NC_010320
olpc	NC_014538
mhcq	NC_008702
kshh	NC_020516 NC_020548
tdim	NC_009663
ntzp	NC_008146 NC_008147
jvam	NC_008705 NC_008703 NC_008704
udic	NC_009077
lgzf	NC_015576
qiup	NC_017904
nhny	NC_014837 NC_014841 NC_014839 NC_014840 NC_014842 NC_014838
dupl	NC_021023
kjnm	NC_021355
emdw	NC_019682
ciem	NC_019751 NC_019752 NC_019728 NC_019727
keeq	NC_017192 NC_017193
gbht	NC_022124 NC_022111
wygh	NC_015580 NC_015583 NC_015582 NC_015579
jbax	NC_019701 NC_019690
njmz	NC_019703
ftdo	NC_019427 NC_019439 NC_019428 NC_019429 NC_019440
dmpu	NC_019689
mrcp	NC_019745 NC_019747 NC_019759 NC_020051 NC_019746
wzal	NC_019738 NC_019760 NC_019761 NC_019739 NC_019742 NC_019762 NC_019743 NC_019740 NC_019741
ypix	NC_010511 NC_010374 NC_010373
zust	NC_015913
irkd	NC_016012
rmsv	NC_017294
edxx	NC_003062 NC_003063 NC_003065 NC_003064
rzfj	NC_020813
duaz	NC_008254 NC_008242 NC_008244 NC_008243
exbp	NC_007802 NC_007801
jwhm	NC_008699 NC_008697
mwrg	NC_020830
cbsk	NC_020802
kfle	NC_018268
pnsh	NC_009654
xaqz	NC_014472
ffjg	NC_008782 NC_008765 NC_008766
zzeq	NC_018708
hhwq	NC_009524 NC_009517 NC_009516
kkaw	NC_021661 NC_021662 NC_021668 NC_021669
ascx	NC_009523
yyxx	NC_012918
cuuh	NC_014973
hxgr	NC_010338 NC_010335 NC_010333
ixwv	NC_009659
evjv	NC_009675
xekm	NC_011145
atft	NC_010730
ttum	NC_011126
cmbb	NC_020411
qbfi	NC_020814
vwhi	NC_010546 NC_010547 NC_010542 NC_010543 NC_010539 NC_010541
jebr	NC_011726 NC_011721 NC_011723 NC_011727
cnvu	NC_011729 NC_011737 NC_011732 NC_011730 NC_011738 NC_011733 NC_011734
hrtb	NC_011884 NC_011882 NC_011885 NC_011880
enfr	NC_013161 NC_013160 NC_013168 NC_013167 NC_013163
tcwe	NC_014501 NC_014502 NC_014533 NC_014535 NC_014503 NC_014534 NC_014504
ozas	NC_009662
qgzc	NC_015391 NC_015390
xmtc	NC_022606 NC_022602 NC_022601 NC_022607 NC_022603 NC_022608
evyk	NC_015380
ombd	NC_016642 NC_016646
dbkz	NC_010483
yzmh	NC_021014
knyg	NC_011662 NC_011667
mupm	NC_015497 NC_015498
uybk	NC_012914
fpux	NC_013406
fhld	NC_012032
iwbw	NC_012673
bocw	NC_022794
kqqa	NC_012260 NC_012242 NC_012230 NC_012239 NC_012252 NC_012234 NC_012267 NC_012265 NC_012247
gnxd	NC_013889 NC_013930
tkyi	NC_013454 NC_015679
ptyt	NC_013418 NC_013419
zfas	NC_016146 NC_016150
fvqj	NC_016621 NC_016598
plyj	NC_017924 NC_017925
dvcw	NC_020195 NC_020196
muko	NC_020510
jtmm	NC_022550 NC_022551
fcaa	NC_013854 NC_013860 NC_013857 NC_013855 NC_013856 NC_013859 NC_013858
hsnc	NC_012416
sybg	NC_014815
ucal	NC_013887 NC_013888
wphs	NC_015738
daxr	NC_019779
nadp	NC_021018
zdkf	NC_015563
vzoe	NC_015554
abin	NC_023044
opgw	NC_015064 NC_015060 NC_015057 NC_015058 NC_015059 NC_015065
uxqc	NC_015277
ucoe	NC_014733
ytxz	NC_018485
zuuf	NC_015638
ghwp	NC_019678 NC_019686 NC_019679
bwhq	NC_015458 NC_015459
kywi	NC_015976 NC_015974
qcwq	NC_015696
xomh	NC_015717
twcb	NC_015734
fgzj	NC_016745 NC_016747 NC_016746
vwcl	NC_016002
iwqa	NC_019942
zvim	NC_016645
ltus	NC_017803
mmql	NC_021191
hmuu	NC_023035
wisy	NC_022545 NC_022535 NC_022536
abmk	NC_018867
jbga	NC_018866
syir	NC_018697
txzb	NC_017845
qksj	NC_018178
owuc	NC_018419
bozh	NC_018420
vdfj	NC_021663
nrbq	NC_020302 NC_020303
hcsi	NC_019016 NC_019017 NC_019015
omxf	NC_023018
avgz	NC_018524
moob	NC_022357 NC_022358
zdds	NC_020888
uhvu	NC_022792
wfhc	NC_022795
ucmh	NC_021915 NC_021920
cvzm	NC_018672 NC_018695 NC_018696
otcp	NC_018656
bejs	NC_020514
xctz	NC_021237
zkmn	NC_020908 NC_020910 NC_020909
ibqw	NC_021499 NC_021506
kgsb	NC_020054 NC_019012
wmey	NC_022657
pjuc	NC_021985 NC_021986 NC_022001
uwki	NC_019902
ldql	NC_020134
luoi	NC_020887
ilfj	NC_020515
gcka	NC_019566
olre	NC_011883
vgnu	NC_023036
cqfl	NC_019697 NC_020053 NC_019698
cxnj	NC_019729 NC_019763 NC_019732 NC_019764 NC_019730 NC_019731
hbft	NC_019776 NC_019777
kkny	NC_019949
tpfw	NC_019673
fckk	NC_015519
gozk	NC_019954
kfem	NC_019907
yaoc	NC_021741 NC_021742
jxye	NC_021066
wikc	NC_020055 NC_019953
jqmv	NC_021846 NC_021832
ooiq	NC_021833
oaxj	NC_021280
rbko	NC_021284
xdmt	NC_022998
kroa	NC_020075
zbmx	NC_020126
fspv	NC_020506 NC_020553 NC_020523
akqq	NC_022444 NC_022436
aimx	NC_022737
okeo	NC_022793
fclo	NC_020209
dkjh	NC_022097
decw	NC_022079
qfju	NC_020829
uiwb	NC_021715 NC_020275 NC_020276
xuge	NC_020409
btxj	NC_020453
ryko	NC_021177
noqq	NC_020546
cbbl	NC_020520
xmdz	NC_021169
lbkn	NC_021175
itct	NC_021917 NC_021918
wqeu	NC_021219
haeo	NC_014618
xwqe	NC_021291
miae	NC_015682
itwz	NC_021313
wufs	NC_022592
wsot	NC_021487
rapd	NC_022571
rvoh	NC_022198
gzcx	NC_004463
fjra	NC_022093
ybhx	NC_022567
yaop	NC_022521
gpli	NC_022524
qjun	NC_022664
yfhy	NC_022781 NC_022782 NC_022783
alma	NC_022904
cxll	NC_022997
moyl	NC_023001
gknv	NC_023033
rdjm	NC_023063
ddka	NC_013771
tvtf	NC_019014
iqlf	NC_019814
bgie	NC_020285
emzr	NC_019815
vtpi	NC_020283
osmj	NC_020294
tqve	NC_020299
czqe	NC_020284
jcwy	NC_020913
oskn	NC_021353
gfjd	NC_016027 NC_016900 NC_016021 NC_016028 NC_016029 NC_016037 NC_016022 NC_016030
usdq	NC_022547
sxuf	NC_018605 NC_018606
ugiu	NC_017955
rrxi	NC_020063
tbru	NC_020417
ntzz	NC_007511 NC_007510 NC_007509
cstm	NC_008576
gfzh	NC_009338 NC_009340 NC_009339 NC_009341
vgup	NC_011979
vnhd	NC_022600
sdbs	NC_017954
yhab	NC_017856 NC_017858
uudf	NC_017857
qtai	NC_020541
ipay	NC_014145 NC_014144
qoqv	NC_023004
pmyf	NC_023003
wffj	NC_004129
updr	NC_016114 NC_016115 NC_016110
eoeb	NC_020796
ounr	NC_015216
yskx	NC_015574
xerb	NC_019002
vevw	NC_017026
toms	NC_017528
qgdy	NC_021003
gmmh	NC_021004
gzun	NC_017463
xhzc	NC_017173
pizo	NC_017174
cjqh	NC_022759
jlux	NC_018655
zdir	NC_015496
oybe	NC_020537 NC_020538
dzdv	NC_020536 NC_020567
aocg	NC_020532 NC_020565
plvi	NC_020564 NC_020531
rcme	NC_020529 NC_020530
yaqa	NC_021195
rtfv	NC_022548
mgbw	NC_022537
ixeu	NC_021991 NC_021977 NC_021979 NC_021993 NC_021978 NC_021992 NC_021976
gcbd	NC_022777 NC_022778
ussi	NC_009353
laud	NC_021285
kznl	NC_022541 NC_022542 NC_022540 NC_022539
eghc	NC_022543 NC_022528
