jqnn	NC_009641
kuai	NC_022593
lxld	NC_011339
kkkk	NC_002737
tcuv	NC_007297
tkzs	NC_022659
dktk	NC_017196
jcfq	NC_015844
gold	NC_021894
pijm	NC_008512
njcd	NC_018414
imjf	NC_018415
ifon	NC_018416
uayw	NC_018417
xkcn	NC_018418
sbmj	NC_009937
kboy	NC_020419
wxex	NC_022115
oyqh	NC_012730
lwpj	NC_012960
dfiu	NC_015155
ladw	NC_015153
ceuo	NC_014497
edom	NC_017293
pejq	NC_015736
vbdv	NC_018219
rscg	NC_018149
egjl	NC_016112
ncdv	NC_017025
puht	NC_000868
ocae	NC_018581
abyi	NC_020505
gpsk	NC_021555
uhsu	NC_022575
vclg	NC_021919
qqll	NC_021024
rmgk	NC_022588
nzuj	NC_023002
bopj	NC_023030
ywbm	NC_023062
mvrw	NC_022906
snxq	NC_022907
fcaq	NC_002163
jghl	NC_003912
wydc	NC_008787
yvli	NC_009707
nzqm	NC_009839
yfwz	NC_017279
rdtp	NC_017280
lghx	NC_014802
emeu	NC_017281
vjvu	NC_018709
grwt	NC_018521
zmrj	NC_021834
idyb	NC_022362
ezfz	NC_022529
nzpa	NC_022351
kehw	NC_022353
znya	NC_022352
cybz	NC_007492
ryok	NC_012660
mijc	NC_016830
djox	NC_017911
awyw	NC_003902
thlx	NC_007086
qddl	NC_010688
csaz	NC_017271
gels	NC_003197
yalw	NC_004631
dzat	NC_006511
icte	NC_016856
cgbk	NC_006905
bvtf	NC_011294
gwwo	NC_011274
xpnc	NC_011080
ypbq	NC_012125
euyo	NC_010067
ojra	NC_010102
eeyj	NC_011083
epcp	NC_011094
cdkn	NC_011149
wmeq	NC_011205
qjoy	NC_011147
dmiv	NC_016854
fjvv	NC_016857
wmwj	NC_016810
hsnu	NC_016863
ktfr	NC_016831
smmv	NC_016832
okbr	NC_017046
laun	NC_017623
txxs	NC_016860
gxes	NC_020307
vwbh	NC_021151
ffjj	NC_021176
yonl	NC_021812
ogsx	NC_021810
tmxk	NC_021818
yifj	NC_021814
jago	NC_021820
ugfr	NC_021844
qewk	NC_021902
gcco	NC_021984
rlsq	NC_022221
zotl	NC_022525
nwdw	NC_022544
tvwn	NC_022569
pxer	NC_022991
nmzo	NC_011077
wicb	NC_011215
zunz	NC_003143
mhdh	NC_009381
nhgo	NC_005810
tamr	NC_008149
peor	NC_008150
uzhu	NC_010159
fyog	NC_017154
qqbg	NC_017160
tujj	NC_014029
nbnl	NC_017265
brxl	NC_017168
issu	NC_009595
kilg	NC_009141
satu	NC_007795
gkza	NC_002745
beos	NC_007622
habr	NC_017333
tpkm	NC_002758
iyku	NC_009782
mbww	NC_003923
ddnv	NC_002952
qrzs	NC_002953
ajql	NC_002951
niiz	NC_007793
qvee	NC_009487
ieco	NC_010079
sgch	NC_009632
bcfz	NC_013450
qtkv	NC_017340
nhtx	NC_017331
qbgr	NC_017338
xqiu	NC_017341
inne	NC_017342
xldd	NC_022113
oiei	NC_017347
rtjh	NC_017337
gwez	NC_016941
meqd	NC_016928
olgq	NC_017349
crsm	NC_017351
udnf	NC_016912
mdch	NC_017343
kzmk	NC_017763
wyvu	NC_018608
hqye	NC_020533
jdcq	NC_020566
zrtd	NC_020568
rkpr	NC_021554
nbrw	NC_021670
ggrn	NC_022222
gdqm	NC_022226
ebhq	NC_022442
anaj	NC_022443
pzoh	NC_022604
xkph	NC_017673
mrwx	NC_021059
ckng	NC_010066
bhzg	NC_004461
exfd	NC_002976
xwcg	NC_002662
uzhz	NC_009004
tvsg	NC_008527
myyh	NC_013656
xsqa	NC_017949
jbgx	NC_017486
tqtt	NC_017492
qyez	NC_019435
fqrj	NC_020450
qctg	NC_022369
rvox	NC_004722
vziv	NC_003909
nevm	NC_006274
kjgc	NC_011969
ndkd	NC_011725
vmsg	NC_011658
rzpg	NC_011772
udtn	NC_011773
jaaz	NC_012472
dkwn	NC_014335
minr	NC_016779
mxyb	NC_016771
tlpc	NC_018491
cjvj	NC_003366
qgkd	NC_008261
hupg	NC_008265
agxp	NC_003210
lqzi	NC_002973
volw	NC_011660
ndkf	NC_013768
reaj	NC_012488
naoe	NC_013766
pcsg	NC_017546
afes	NC_017547
ijvq	NC_017545
slyo	NC_017544
etwh	NC_021829
aqsi	NC_021830
tfur	NC_018587
ricy	NC_017529
wmwc	NC_018588
jtny	NC_017537
xpnr	NC_017728
nwno	NC_018586
mrbq	NC_018593
udyj	NC_018589
iuzc	NC_018584
vefd	NC_018592
reef	NC_018590
gjnz	NC_018642
pcqe	NC_018585
dxxn	NC_019556
bwqf	NC_020557
nwje	NC_020558
vjhl	NC_021838
qkzu	NC_021823
gnjo	NC_021824
rtbt	NC_021837
xdvn	NC_021825
ywkj	NC_021826
cvkv	NC_021839
xtqs	NC_021827
numt	NC_021840
ufqc	NC_022568
cdjz	NC_018591
zgbs	NC_002944
fmjw	NC_008595
gcsr	NC_021200
tgby	NC_002945
obtx	NC_008769
btiv	NC_012207
ktik	NC_016804
wtkc	NC_020245
lruc	NC_004572
wswy	NC_004551
bkah	NC_009053
rkym	NC_010278
bsza	NC_010939
sjoj	NC_005042
vhbj	NC_005072
xlgj	NC_005071
vecm	NC_007335
jtzv	NC_007577
dayj	NC_008816
eowf	NC_008817
qqlv	NC_008819
agaq	NC_008820
xgby	NC_009091
riyr	NC_009840
eebt	NC_009976
baxm	NC_000907
idzt	NC_007146
qrxr	NC_009566
ojzd	NC_009567
inau	NC_017451
pccl	NC_017452
akvx	NC_014920
kvnc	NC_014922
gzbl	NC_016809
yzwf	NC_022356
wgmk	NC_000962
psgb	NC_002755
ujwf	NC_009525
cdtv	NC_009565
zesy	NC_012943
fwoa	NC_022350
ojed	NC_016768
pnro	NC_018078
oahd	NC_017524
ftit	NC_017523
gsmv	NC_017522
otkb	NC_018143
oeky	NC_020089
ccrw	NC_020559
xsxi	NC_021054
zpov	NC_021192
pdfz	NC_021193
pzsc	NC_021194
jbly	NC_021251
cbva	NC_021740
jitb	NC_016934
fakj	NC_000913
tnaj	NC_002695
buhm	NC_011750
phnu	NC_017634
oolk	NC_018658
xytv	NC_011751
huch	NC_004431
miry	NC_012892
oemc	NC_007779
pyoh	NC_011415
huom	NC_013654
fxzk	NC_013353
bxah	NC_013364
dyku	NC_007946
gixl	NC_008253
zqoi	NC_008563
evas	NC_009801
fwzc	NC_009800
fhvj	NC_012967
vray	NC_010468
ykdr	NC_010473
hwkg	NC_010498
voth	NC_011353
grgz	NC_013008
fbsy	NC_012759
amfq	NC_012971
elkh	NC_017625
vwxi	NC_012947
dfgv	NC_013941
mjsc	NC_017628
vhdp	NC_011748
yoyu	NC_011741
nedr	NC_011742
wsqm	NC_011601
fame	NC_017626
gjek	NC_013361
yoiq	NC_016902
jiqy	NC_017631
dwsv	NC_017632
adon	NC_017635
vbnn	NC_017633
hlyv	NC_017641
fwto	NC_017644
eass	NC_017646
brtr	NC_017651
dfbx	NC_017652
oeik	NC_017656
bind	NC_017663
mdzq	NC_017660
eeze	NC_017664
hieq	NC_017906
mzmv	NC_017638
gpbs	NC_011993
tzje	NC_018650
cuio	NC_018661
xbrk	NC_020163
stlb	NC_020518
sbnc	NC_022364
iusf	NC_022648
djpt	NC_002655
hsqe	NC_011745
eusc	NC_002142
tyqj	NC_010720
oglu	NC_000915
rboc	NC_000921
wuxq	NC_017382
scqs	NC_008086
evcq	NC_010698
hqwp	NC_011333
sjoe	NC_011498
owuz	NC_017354
lqqi	NC_012973
wcjm	NC_017355
dprv	NC_017357
jmaw	NC_014560
umii	NC_014555
fcvj	NC_017358
sphg	NC_017359
iqea	NC_017360
plbj	NC_017372
evpl	NC_017371
tybd	NC_017362
tyhu	NC_017361
msmx	NC_017374
vldk	NC_017381
daxz	NC_014256
sgyg	NC_017375
pvyb	NC_017378
owuk	NC_017379
htmp	NC_017376
ohes	NC_017063
jilk	NC_017733
xxfd	NC_017926
oaej	NC_017368
rvjn	NC_017365
kofk	NC_017366
klkx	NC_017367
tawe	NC_017739
yttt	NC_017740
xshn	NC_017741
zhai	NC_017742
bzoj	NC_018939
rnnu	NC_018937
rdkn	NC_018938
ceox	NC_019560
rczu	NC_019563
qcav	NC_020508
qgbh	NC_020509
dpyb	NC_021215
ktwz	NC_021216
xguo	NC_021217
ebof	NC_021218
srcm	NC_021882
hfrh	NC_022886
rmjj	NC_022911
aopv	NC_022130
iljd	NC_016568
hmjc	NC_002528
kkoi	NC_004061
qyyr	NC_004545
ulqx	NC_011834
hwcm	NC_011833
wmjz	NC_008513
tjje	NC_017255
xsdb	NC_017252
xpus	NC_017253
hykl	NC_017254
vlgx	NC_015662
zdyt	NC_017256
vjox	NC_017259
zgdf	NC_000922
zxjc	NC_005043
qnzm	NC_002491
hzaj	NC_017285
sybd	NC_002179
ubbu	NC_003112
fmdw	NC_003116
ccun	NC_008767
orgf	NC_010120
ubzz	NC_017501
vftp	NC_013016
jqfp	NC_017505
ainq	NC_017513
kxta	NC_017516
knhf	NC_017514
wdun	NC_017517
optk	NC_017515
aads	NC_017518
aqiv	NC_017512
khxr	NC_002488
rwyr	NC_004556
kigz	NC_010513
taul	NC_010577
gqqu	NC_017562
qcra	NC_002947
ctco	NC_009512
yvud	NC_010322
mnmj	NC_010501
htrd	NC_017530
ghxc	NC_015733
sbjj	NC_017986
dydx	NC_019905
xvxg	NC_021491
pdzc	NC_021505
earv	NC_003485
hbed	NC_004070
wure	NC_009332
kckm	NC_004606
azdq	NC_006086
rzrt	NC_007296
pddy	NC_008021
yunn	NC_008022
hcmc	NC_008023
hees	NC_008024
ycnm	NC_011375
qjkw	NC_017596
luej	NC_017040
vnuz	NC_017053
jakd	NC_018936
xfxk	NC_020540
zmrb	NC_021807
gqhr	NC_003098
bvit	NC_003028
rcqm	NC_008533
rwza	NC_012468
zfpa	NC_012466
kgly	NC_012467
lwka	NC_012469
pgkb	NC_010380
xgjt	NC_011072
zxvq	NC_010582
jmlx	NC_011900
mwjh	NC_014494
gixy	NC_014498
xlnb	NC_018594
fdsz	NC_014251
cizo	NC_017593
auzq	NC_017592
wpdh	NC_017591
yxhb	NC_021006
pgaf	NC_021028
zsls	NC_021026
seoa	NC_021005
lksl	NC_017769
hvry	NC_018630
kluu	NC_022655
fzjm	NC_011985
nypx	NC_020800
ekiy	NC_004342
qvxg	NC_005824
ilzl	NC_017552
pbck	NC_003454
iibx	NC_021281
vwqs	NC_022196
yfns	NC_009506
ztsj	NC_003997
bpsy	NC_005945
yvjj	NC_007530
iwxi	NC_012581
jhfb	NC_012659
jpvd	NC_017729
cdhz	NC_003980
jmim	NC_004337
vudq	NC_004741
ekyj	NC_008258
vtbm	NC_017328
jtgg	NC_004307
aizh	NC_010816
shox	NC_011593
ncoi	NC_014169
mfkx	NC_014656
gbvz	NC_015067
hblk	NC_015052
ayri	NC_017221
vnwt	NC_017219
tywe	NC_021008
xmjt	NC_008309
nvlf	NC_010519
crpo	NC_007005
dzks	NC_004116
xmje	NC_007432
btks	NC_018646
hfxn	NC_019048
wswz	NC_021485
gpjl	NC_021507
okxs	NC_021486
oltk	NC_004368
iths	NC_002516
sbgz	NC_008463
cmev	NC_009656
ijnc	NC_011770
scfc	NC_017548
gbzj	NC_018080
oqij	NC_017549
mcev	NC_020912
uaeq	NC_021577
dctq	NC_022808
gvtq	NC_022806
wxny	NC_023019
nrvu	NC_023066
wjpc	NC_023149
jiga	NC_004459
mwht	NC_005139
qgjl	NC_014966
rrap	NC_006360
jcgj	NC_007295
okye	NC_007332
iwkh	NC_017509
hlhz	NC_021283
utrg	NC_021831
vhmk	NC_012926
xkzl	NC_009442
omxi	NC_009443
kabu	NC_017617
xbjy	NC_012924
ksfe	NC_012925
peuo	NC_017618
vleq	NC_015433
nlyc	NC_017619
qgco	NC_017620
pnpg	NC_017621
hapa	NC_017950
hwhm	NC_017622
gump	NC_018526
tngj	NC_020526
uvux	NC_021213
bpqs	NC_022516
hbah	NC_022665
gfpf	NC_008639
flis	NC_010831
socj	NC_008711
kwqx	NC_009085
erzr	NC_010611
lkat	NC_011595
pnkg	NC_011586
pazr	NC_010410
ugrh	NC_020547
sbpx	NC_017847
mfga	NC_017162
vewm	NC_017387
krhz	NC_017171
qhxm	NC_018706
bujv	NC_021726
uwmc	NC_021733
cvhf	NC_021729
zkuk	NC_023028
tuxb	NC_010400
pnyh	NC_004842
wkcd	NC_012026
sdyo	NC_022784
hyzz	NC_022760
kjue	NC_006322
tpdd	NC_006270
vweq	NC_021362
rwua	NC_006347
ebak	NC_003228
kszf	NC_016776
ylso	NC_007606
kysp	NC_002942
avbj	NC_006368
rbzx	NC_006369
cxgb	NC_009494
qtsx	NC_014125
zctq	NC_016811
szrb	NC_017525
liel	NC_017526
dapp	NC_018140
yqvo	NC_018139
mopz	NC_020521
upvf	NC_021350
inyb	NC_007384
zhml	NC_016822
cbus	NC_006449
bjgg	NC_006448
gytp	NC_008532
zwuo	NC_017563
iyfl	NC_017581
jfcc	NC_017927
jkra	NC_006833
tqtz	NC_006576
tjsh	NC_007604
vhlq	NC_009052
cyjp	NC_009665
ovho	NC_011663
crxx	NC_009997
ysbf	NC_017571
zlzm	NC_016901
dtyd	NC_017579
djfy	NC_009438
mndf	NC_017566
iujy	NC_005295
knyj	NC_006831
immr	NC_006832
twvf	NC_009513
odai	NC_010609
rzxc	NC_015697
pmbf	NC_021494
ktvv	NC_021872
knvy	NC_009848
piyu	NC_006461
xvki	NC_005835
exwy	NC_017272
zjuw	NC_017587
reap	NC_003450
ldwh	NC_009342
obxh	NC_020519
omql	NC_021351
xmmn	NC_021352
nmaw	NC_022040
lvob	NC_006958
nqze	NC_000117
sogv	NC_010287
meov	NC_007429
fhri	NC_012687
nycd	NC_012686
opan	NC_010280
ndbj	NC_017434
omnf	NC_017439
chod	NC_017429
ftqz	NC_017430
yrix	NC_017440
jbpu	NC_017431
myca	NC_017432
ojmq	NC_017436
bjja	NC_017441
czhv	NC_015744
vaej	NC_017437
ajln	NC_016798
dcxz	NC_017952
rsyg	NC_017951
gyta	NC_017953
fckt	NC_020966
fbwu	NC_020944
easd	NC_020971
wsrk	NC_020970
kjea	NC_020940
empj	NC_020937
xfqu	NC_020929
gjsl	NC_020973
zezl	NC_020930
nssf	NC_020945
hssg	NC_020931
tcbn	NC_020938
zgfu	NC_020974
jinw	NC_021050
dwqd	NC_021052
qggh	NC_021895
ctaq	NC_021887
rwtc	NC_021888
have	NC_021896
scum	NC_021889
twuy	NC_021897
fnpg	NC_021890
ruca	NC_021891
srqf	NC_021898
cizg	NC_021892
eqem	NC_021899
gxcw	NC_021893
rxqi	NC_023060
reil	NC_022117
mtuu	NC_022118
znot	NC_022107
gems	NC_022119
fint	NC_022121
uhkx	NC_020939
rzom	NC_020967
pojl	NC_020943
ppqn	NC_020968
bbzx	NC_020969
cmul	NC_020942
xfls	NC_020964
tqso	NC_020941
lsjm	NC_020965
abkj	NC_020975
tqqm	NC_020976
mcpx	NC_020933
ezif	NC_020934
bvka	NC_020977
qkpl	NC_020978
chei	NC_020936
akqi	NC_020935
hvqn	NC_020932
tweo	NC_020972
ljup	NC_020512
aqcs	NC_020511
tbht	NC_022106
owqr	NC_022108
czge	NC_022109
vwje	NC_022120
luzn	NC_022110
uopo	NC_000908
czjo	NC_018495
unwb	NC_018496
coxh	NC_018497
hiel	NC_018498
utay	NC_008542
qvvz	NC_011002
biyz	NC_008061
amgi	NC_010515
ilep	NC_006350
lhlk	NC_007434
hulm	NC_009075
bijv	NC_009078
pnfd	NC_017832
vsuq	NC_018529
voxx	NC_021877
qnpg	NC_012695
ovxn	NC_006348
mcac	NC_008784
pyka	NC_008836
gfkl	NC_009080
qvgz	NC_007164
ndqd	NC_007799
dyxu	NC_007484
vdau	NC_005957
xzrk	NC_008600
rabv	NC_014171
bnrw	NC_017200
okhv	NC_017208
zfxh	NC_018500
igck	NC_018508
skeh	NC_018693
mjvy	NC_018877
tdlu	NC_020238
wenw	NC_020376
wupl	NC_022873
wbtv	NC_003295
rcbh	NC_017574
znas	NC_014311
ezyk	NC_014307
aotg	NC_020799
elwn	NC_017559
lonr	NC_007205
rmmr	NC_007613
kdyl	NC_010658
sgld	NC_008611
ejiy	NC_002505
thxb	NC_009457
ovtj	NC_012580
xxeh	NC_012582
axro	NC_012668
ipnq	NC_016445
wgva	NC_017269
wkfu	NC_016944
yslf	NC_015760
xrin	NC_017595
lged	NC_017594
xpkn	NC_005296
cgtt	NC_007778
zyti	NC_007958
tlby	NC_007925
lclk	NC_008435
tcvf	NC_011004
booy	NC_014834
fqho	NC_007493
sfpl	NC_009049
lfzj	NC_009428
cztt	NC_011963
ovlc	NC_010634
byot	NC_006155
kenl	NC_009708
eagx	NC_010465
mygz	NC_006570
fohl	NC_008601
ojof	NC_007880
htzj	NC_008245
koht	NC_008369
aqtp	NC_009257
jxls	NC_009749
qlwz	NC_010677
ysif	NC_017453
isdb	NC_019551
icbz	NC_017450
upcq	NC_017449
jyxk	NC_016933
tjfy	NC_016937
cjlk	NC_019537
wiek	NC_009497
ttox	NC_013948
dbxy	NC_008054
eoam	NC_008529
tbdc	NC_014727
bnfm	NC_017469
jpkf	NC_008509
dbxt	NC_008510
eess	NC_006933
awrb	NC_010742
vycd	NC_007618
mhzj	NC_016795
nbeo	NC_007633
mgou	NC_008783
onhg	NC_003919
lrhy	NC_020815
kmjj	NC_008599
ebng	NC_006834
ydog	NC_007705
zqiw	NC_010717
dqfn	NC_017267
oanz	NC_013853
aacm	NC_007712
zpir	NC_009380
zber	NC_011978
zouq	NC_009089
ucne	NC_013315
xbjt	NC_017178
iclf	NC_017177
cbwu	NC_013316
hzvo	NC_017175
paab	NC_013974
lctg	NC_008209
nlbg	NC_007347
cxho	NC_007907
fkxt	NC_011830
oesk	NC_009348
qfnw	NC_008528
rjoj	NC_002971
aigx	NC_009727
kxfc	NC_010117
wagg	NC_011527
kavu	NC_011528
xllx	NC_010258
pdmb	NC_008526
ngcd	NC_014334
cjys	NC_010999
zifw	NC_017474
lewi	NC_017473
tvnk	NC_018641
crrt	NC_021721
zare	NC_009953
xusu	NC_002937
ubuc	NC_008751
wpjt	NC_011769
vzpo	NC_017310
avdz	NC_010002
blhj	NC_007940
igbg	NC_009883
risp	NC_000964
zdow	NC_014479
quat	NC_014976
bjfv	NC_016047
yroq	NC_017195
fuiz	NC_018520
zyxp	NC_019896
afdc	NC_020244
ilng	NC_020507
dcvo	NC_020832
jybx	NC_022898
hoar	NC_005791
sadx	NC_009135
szrc	NC_009637
cuku	NC_009975
htet	NC_015847
qjep	NC_010678
khhl	NC_012856
wjiq	NC_022513
uhky	NC_010080
pfyf	NC_018528
wiix	NC_017467
kabw	NC_021744
rmlp	NC_010263
jdgd	NC_009882
zerl	NC_016908
zipc	NC_016909
zpgi	NC_016914
fczq	NC_016915
lygs	NC_016913
bior	NC_016911
tlsi	NC_018887
mpwi	NC_017238
lpqs	NC_008277
zflc	NC_011650
lbiw	NC_021042
bttj	NC_021020
tolu	NC_008618
wsmf	NC_014820
vikf	NC_009142
vblh	NC_004603
yzlc	NC_019971
esoi	NC_021821
aplv	NC_021848
xkqs	NC_010172
ozcd	NC_011757
tyik	NC_012808
sclt	NC_012988
fslk	NC_015930
ufiw	NC_017490
lgqo	NC_012588
wzyz	NC_012589
xhjx	NC_012632
dmsa	NC_012726
elhr	NC_012622
tpum	NC_012623
vxap	NC_017276
ixxn	NC_017275
gasv	NC_021058
gwoi	NC_013769
mtyg	NC_010505
jvjs	NC_009488
viku	NC_010793
wtux	NC_010610
lgac	NC_017465
abdc	NC_021235
alkc	NC_009706
gexy	NC_011837
tfrp	NC_002950
nvyz	NC_010729
bobt	NC_015571
zpsn	NC_008571
somi	NC_002162
wvit	NC_010503
makh	NC_011374
mxdq	NC_005364
ygmr	NC_021025
sosd	NC_015431
enor	NC_007651
dbta	NC_021174
djpb	NC_018286
xbsi	NC_023137
hpzq	NC_020911
pyev	NC_006840
exjl	NC_011186
shjh	NC_009698
hjoz	NC_009495
joxy	NC_009697
lubu	NC_009699
hzbt	NC_010516
kdse	NC_010520
trlv	NC_010674
hyhh	NC_010723
fwus	NC_012658
rykn	NC_012563
dacx	NC_017297
jogi	NC_015425
kgtc	NC_017299
yzgd	NC_012946
wsvj	NC_010084
zyal	NC_010805
uvhg	NC_009667
xteu	NC_000963
ikpn	NC_017560
yjlo	NC_017049
hobo	NC_017050
pjbz	NC_017056
ytfb	NC_017048
ezoy	NC_017057
gill	NC_020992
dewm	NC_020993
fxmh	NC_017051
juxp	NC_001318
liya	NC_011728
wrrh	NC_017418
dbkq	NC_017403
nxnf	NC_022048
sfib	NC_011847
vryr	NC_012506
majo	NC_012254
zcfw	NC_012155
rdur	NC_012262
ksqx	NC_011968
sljb	NC_012508
cxxx	NC_012170
sgno	NC_012163
onor	NC_000919
pmft	NC_010741
bxgu	NC_017268
pguf	NC_016842
rwwg	NC_016848
bvcq	NC_016843
kbag	NC_016844
oson	NC_018722
qjql	NC_021179
golw	NC_021490
ymmg	NC_021508
xqju	NC_008380
flta	NC_011369
kbxe	NC_012850
ncrc	NC_007760
nnvb	NC_011891
mksn	NC_009480
tocr	NC_010407
ndzu	NC_020891
hldb	NC_014222
nnyn	NC_010842
osrs	NC_010843
kyqd	NC_010103
yiho	NC_016796
ufbw	NC_010612
zvgw	NC_008390
igpm	NC_010551
pnyq	NC_004311
sera	NC_010169
mrjk	NC_017251
oqls	NC_016797
svhb	NC_004668
sias	NC_017316
zpmm	NC_017312
xccm	NC_018221
ywhl	NC_019770
efop	NC_013714
vddj	NC_017249
reaf	NC_016845
maqx	NC_009648
toxq	NC_012731
gjwc	NC_011283
zoen	NC_017540
pzfc	NC_018522
rmhd	NC_022082
ebkd	NC_022566
sjcr	NC_011365
vykm	NC_010125
jwax	NC_010296
nrqa	NC_009515
nsqx	NC_012891
rrfs	NC_017567
bisd	NC_018712
oebl	NC_019042
cung	NC_022532
uewu	NC_007761
salj	NC_010994
imjp	NC_021905
zalg	NC_007963
gqot	NC_010161
roti	NC_009012
hqil	NC_017304
ybus	NC_017717
drwe	NC_018747
yzpf	NC_011842
ktgo	NC_011875
frsz	NC_015470
yucm	NC_017287
ahmb	NC_017291
jvwi	NC_017289
yodt	NC_017292
qpmc	NC_017290
kwvz	NC_018619
bkry	NC_018620
ojvs	NC_018627
nnyk	NC_018621
jlmq	NC_018622
fejl	NC_018623
xcko	NC_018624
popx	NC_018625
vqun	NC_018626
eeop	NC_020248
wdmb	NC_014796
vzzh	NC_019391
wlel	NC_011835
orpo	NC_012814
xrmc	NC_012815
elwr	NC_017214
csli	NC_017217
tdkj	NC_017215
izqj	NC_017216
ayhc	NC_017834
xwha	NC_017866
idwz	NC_017867
nfzm	NC_021593
vcza	NC_022523
zqqk	NC_009725
hfcd	NC_017188
lgrb	NC_014551
dbaq	NC_017190
pumu	NC_017191
blup	NC_020272
eqyg	NC_017912
rmdz	NC_016784
ylma	NC_017061
odfd	NC_019842
vzhy	NC_020410
sejc	NC_022075
kiyy	NC_022081
puvs	NC_022530
vmxt	NC_022653
ejea	NC_023073
aqrv	NC_004350
fgfi	NC_013928
zrkt	NC_018089
bnjh	NC_017768
nbkt	NC_013446
odqy	NC_002946
vlfk	NC_011035
jvdy	NC_022240
ppwp	NC_017511
yjbc	NC_017960
dmka	NC_017022
guio	NC_020207
xgvb	NC_021994
ytrx	NC_011138
miut	NC_018632
dkjr	NC_018678
kusz	NC_018692
yqve	NC_018679
abbv	NC_019393
tfqq	NC_021716
djkl	NC_023045
pabj	NC_021717
nmyy	NC_021712
cllx	NC_021713
othq	NC_021714
aboq	NC_021710
hrcy	NC_010943
pnuc	NC_011071
tzlv	NC_015947
jxmr	NC_017671
qeci	NC_014638
uovd	NC_014616
vasv	NC_017999
vpon	NC_012803
qtnj	NC_011134
ccdv	NC_012471
xuzu	NC_012470
swho	NC_017582
xsci	NC_006526
tcln	NC_013355
ctet	NC_017262
ziyc	NC_015709
gbqb	NC_018145
dipz	NC_022900
hitx	NC_002754
raur	NC_017274
rfuw	NC_011852
hjwg	NC_021521
qpmm	NC_002677
bfxa	NC_011896
bfpr	NC_013209
ydyu	NC_017100
xxak	NC_017121
czxu	NC_017125
ibtu	NC_017146
qeww	NC_017111
tbpm	NC_017150
wdme	NC_017108
fbpe	NC_002663
gadi	NC_016808
glqb	NC_017027
zbdw	NC_017764
xlxy	NC_013198
xpig	NC_017482
xjfh	NC_013199
bgri	NC_017491
payk	NC_021723
pthq	NC_021725
kdxm	NC_011223
vbub	NC_010336
ocnl	NC_011959
case	NC_013410
qxzm	NC_017448
nqen	NC_011753
ccdk	NC_015857
smic	NC_020995
cmge	NC_002696
kmjt	NC_011916
ndbx	NC_003318
teom	NC_012442
awhs	NC_017244
rfdz	NC_017246
lsjo	NC_017248
vlze	NC_012880
jzfj	NC_013592
stgp	NC_014500
lczu	NC_014103
ojvw	NC_014019
rery	NC_017138
wxlf	NC_012724
dvfk	NC_021043
jrwn	NC_021011
ravw	NC_016826
zltk	NC_017731
jyus	NC_021022
pkcc	NC_021015
uoer	NC_002967
rpbe	NC_012560
uktl	NC_021149
lruq	NC_021150
crkx	NC_002678
foce	NC_003047
ggbz	NC_017322
sund	NC_015591
kder	NC_017325
bngv	NC_018700
ohvj	NC_019845
qfsh	NC_020528
mpzv	NC_002977
mxyz	NC_019382
vult	NC_018829
ibvp	NC_002927
mttm	NC_018828
raev	NC_002928
ckwn	NC_002929
pqne	NC_017223
ivto	NC_018518
voxu	NC_002940
htxr	NC_003103
qrcx	NC_009446
ohcm	NC_004757
ypwk	NC_011206
mjqx	NC_011761
cphx	NC_008255
mskd	NC_007643
blpl	NC_017584
cpuh	NC_010175
ykga	NC_014833
ijiq	NC_001263
gfxr	NC_009785
rmtw	NC_003030
tiai	NC_017295
gple	NC_015687
dtmk	NC_008530
vpbp	NC_003212
oruw	NC_016802
igax	NC_016799
wbiw	NC_016782
cdyu	NC_016783
hgik	NC_016800
qyjd	NC_016787
hsmo	NC_016801
vuqp	NC_016788
wjwb	NC_016785
yemi	NC_016786
fkib	NC_016790
npfm	NC_016789
kbjy	NC_002935
exzo	NC_008596
ufma	NC_018289
edqv	NC_019966
rsvu	NC_007333
hlsw	NC_000912
pbau	NC_017504
eatj	NC_016807
cgtj	NC_020076
djbd	NC_002771
oucx	NC_000909
pivc	NC_007355
ghbo	NC_000917
pkxq	NC_002578
ivfl	NC_000853
ibpi	NC_023151
ucqa	NC_021214
cuxw	NC_003364
icra	NC_004432
ciya	NC_007517
ceag	NC_003155
khrb	NC_008800
osgd	NC_015224
ssep	NC_017564
vyyw	NC_002939
wdrw	NC_017454
oewp	NC_007794
esjw	NC_002689
sqcg	NC_000961
ajgp	NC_000854
duop	NC_007356
tqqd	NC_002936
uire	NC_009455
vnrk	NC_013552
gexv	NC_013890
kbkc	NC_020386
elfm	NC_020387
gktd	NC_022964
kepm	NC_000918
srac	NC_010628
czgc	NC_010364
ulyo	NC_003361
crmt	NC_002620
qrzi	NC_002570
jbku	NC_021592
cjux	NC_003888
anht	NC_003106
ecyv	NC_007973
jtec	NC_007503
aixx	NC_007951
pksq	NC_002978
tlja	NC_004344
hifh	NC_016893
qkfj	NC_003910
qrak	NC_003911
tsss	NC_004193
npoa	NC_003413
wsbd	NC_018092
auoq	NC_000916
vqqi	NC_003552
zxzx	NC_003551
dzxl	NC_003901
prbe	NC_020389
gxjz	NC_002932
zlzl	NC_004369
svpo	NC_004113
nycl	NC_008531
yyrz	NC_016805
llat	NC_007912
gjyp	NC_008312
odma	NC_004347
yska	NC_007797
bbhf	NC_021879
gwqn	NC_021880
seks	NC_021881
illy	NC_006397
hlum	NC_010645
gxoz	NC_012483
disr	NC_007798
jqrs	NC_004547
dmxt	NC_015761
fdkp	NC_021870
dhdo	NC_012004
lwel	NC_004552
wmvh	NC_007899
sxrd	NC_004663
aalh	NC_005027
fosa	NC_005955
kcxn	NC_018533
nnhg	NC_014034
acue	NC_004557
acqq	NC_006814
fnuu	NC_015214
crva	NC_021181
tnwl	NC_008011
ment	NC_020127
okfw	NC_004917
bgsd	NC_005956
oqin	NC_008818
eejp	NC_006087
ktry	NC_022438
brfb	NC_020834
zpvq	NC_020833
vcgc	NC_021082
xrmp	NC_021739
mmpu	NC_021743
vyrm	NC_021738
mdjz	NC_021883
xhph	NC_004567
cmag	NC_012984
jeaq	NC_014554
xzke	NC_020229
njxh	NC_021224
dsdu	NC_021514
hksp	NC_008525
hnle	NC_022780
tdzt	NC_008497
atuf	NC_020819
mrfn	NC_020064
utjy	NC_020211
egwd	NC_004829
pbtk	NC_017502
yspy	NC_017503
zgmp	NC_018406
vlvo	NC_018407
hahg	NC_018408
hccv	NC_018409
ggff	NC_018410
iceu	NC_018411
umsw	NC_018412
mxvo	NC_018413
vgkz	NC_005061
eyhi	NC_005090
glvt	NC_005085
etae	NC_008095
jhia	NC_011025
qzsx	NC_005213
wcqr	NC_005126
orkh	NC_005125
eaaa	NC_005303
ltbc	NC_007947
mzaw	NC_007644
djov	NC_010556
zelr	NC_006055
uulz	NC_022583
ptjv	NC_008148
tlbl	NC_009664
olxq	NC_007354
rioz	NC_014117
xyfi	NC_014539
jovv	NC_015137
mtnr	NC_016625
ynzr	NC_017921
ydff	NC_021288
zeqr	NC_009254
wtyt	NC_005861
vtql	NC_008825
btel	NC_006085
ynmk	NC_014039
jtak	NC_017534
ewjh	NC_017535
oucr	NC_017550
pphm	NC_016516
bwvc	NC_016512
bezd	NC_016511
edkk	NC_018707
amxo	NC_021085
hryu	NC_007168
spod	NC_007984
zhkj	NC_009504
teak	NC_022347
wony	NC_022660
mrhr	NC_022132
fpzw	NC_012039
xyrw	NC_013967
tajq	NC_014760
ibzv	NC_015725
mgnw	NC_018077
nuzn	NC_012440
kihb	NC_015713
pezt	NC_012438
zaso	NC_010803
xdhw	NC_009337
geuf	NC_013971
gkyg	NC_013961
otdg	NC_023056
huev	NC_023071
gsyt	NC_023055
nuqe	NC_018999
dzxg	NC_020919
yvhj	NC_020914
eita	NC_020915
hnbv	NC_020916
ommj	NC_020918
acrn	NC_020921
zwrb	NC_020917
rfgj	NC_016620
ayua	NC_010554
alri	NC_022000
dnnz	NC_010981
swkm	NC_016612
eewu	NC_018106
ojoq	NC_009617
ubxw	NC_008536
sewo	NC_009792
bwmv	NC_009778
zcxj	NC_017933
ypxh	NC_020260
odiz	NC_023032
zihn	NC_011059
qrah	NC_006138
yvme	NC_009879
voou	NC_016929
hjym	NC_009881
jxch	NC_013929
kjeq	NC_009925
noyh	NC_011060
amph	NC_008554
qdve	NC_008346
jckk	NC_007796
jenu	NC_007520
kvoy	NC_007575
xouh	NC_007404
ylbp	NC_006300
sguz	NC_006361
iibo	NC_006371
ubwk	NC_006624
oevk	NC_012778
mrdr	NC_012028
nrvy	NC_008740
vkgw	NC_017067
jobt	NC_012115
lfsd	NC_006513
znev	NC_007929
fwxt	NC_017481
oxft	NC_006582
fqab	NC_006677
yvbj	NC_019396
jyrm	NC_007498
yzrq	NC_021089
ghuu	NC_021084
vlti	NC_009655
iivm	NC_011988
rcdy	NC_014219
dnhn	NC_009614
ohqv	NC_014121
pjkw	NC_018079
iobg	NC_016514
zbnr	NC_018405
zjhq	NC_021046
rhve	NC_008609
zenu	NC_008700
glah	NC_007954
hbkj	NC_008345
yzor	NC_013892
dlvg	NC_014228
boyg	NC_014147
glrj	NC_014552
bqap	NC_021002
ejye	NC_014921
fetd	NC_008781
uion	NC_013716
etno	NC_008025
pkrk	NC_009253
qhbn	NC_013949
qdew	NC_010337
yskw	NC_016011
cuan	NC_013891
fesu	NC_008555
rapo	NC_008228
dkro	NC_015931
wodq	NC_009767
pzqv	NC_016640
umng	NC_009437
ckgi	NC_009138
yjce	NC_012779
jkhb	NC_014752
rawj	NC_007964
vyhr	NC_007406
opyc	NC_007716
yxbx	NC_007722
prcw	NC_009615
tysz	NC_017218
ceba	NC_020517
fzin	NC_014328
ilez	NC_018721
iujf	NC_014230
sptf	NC_010184
dukh	NC_008268
qoak	NC_007292
akwq	NC_007109
txkb	NC_009092
fnoo	NC_008048
ujsb	NC_007908
ewru	NC_007614
gcep	NC_008344
dbal	NC_009776
urgt	NC_007969
nzgi	NC_007514
xzfu	NC_007181
zqvd	NC_020247
bbnf	NC_020246
fvbo	NC_023069
pemu	NC_009009
bacj	NC_007681
uwcv	NC_009376
ownx	NC_007350
ehrq	NC_009828
xrng	NC_010525
ckxw	NC_014623
fbow	NC_015634
cknx	NC_016023
ldne	NC_012796
xoep	NC_010397
lroo	NC_018150
htou	NC_021282
dzun	NC_013457
ycld	NC_016613
crve	NC_014323
hvep	NC_014012
nozz	NC_014319
jsdd	NC_009720
gyfm	NC_010530
cswe	NC_008340
eixr	NC_008726
flck	NC_007426
jksk	NC_008553
dagd	NC_008789
bjkm	NC_009483
ehtm	NC_009484
zzxs	NC_008009
jyug	NC_007645
woos	NC_014483
ontp	NC_014622
umuk	NC_017542
deng	NC_023037
pelo	NC_010471
sooz	NC_009922
soaa	NC_009441
yrqq	NC_015856
qycb	NC_013861
cwbm	NC_008578
wqai	NC_007677
gaud	NC_014032
zplw	NC_010001
jrjc	NC_008709
qcjy	NC_007759
cxdz	NC_015677
riuv	NC_009636
dclk	NC_008698
qlwo	NC_009972
zxse	NC_011899
cbkn	NC_010482
gjst	NC_009379
vbiq	NC_010531
tbxb	NC_012526
badp	NC_008570
dqmg	NC_021290
knyu	NC_014215
wymp	NC_011831
riin	NC_009718
zsni	NC_008701
whal	NC_008027
guww	NC_009434
rvzg	NC_017532
eztt	NC_015740
rteo	NC_018028
lwvy	NC_018177
ijsh	NC_019936
hctc	NC_008593
ksbu	NC_021314
xbdb	NC_008610
hhzw	NC_009486
gast	NC_008343
becj	NC_009802
rehz	NC_009715
bbog	NC_008212
wggh	NC_017459
ghpv	NC_008786
srup	NC_009616
ronh	NC_008229
ijym	NC_008347
gdbr	NC_009511
kdem	NC_008278
nhzd	NC_010622
amfl	NC_009901
xyst	NC_009952
rpey	NC_011898
geei	NC_009954
ggxh	NC_010814
ihmm	NC_009440
vysf	NC_009033
xszq	NC_010506
tzip	NC_009439
zxdm	NC_015410
pdbq	NC_009832
dotu	NC_010676
iptg	NC_009719
tktn	NC_011566
pqwp	NC_010003
vylq	NC_011146
cfjx	NC_009634
pcpe	NC_009943
oubo	NC_008942
yooh	NC_009073
rtmq	NC_011229
rfle	NC_011244
eihi	NC_009465
kois	NC_012633
lpit	NC_009900
nvah	NC_016931
dxkq	NC_011420
qink	NC_009712
jhpf	NC_009635
mjjm	NC_009328
rbxx	NC_009831
phhh	NC_010376
bddh	NC_009454
ymsa	NC_023065
fyov	NC_013009
eskc	NC_010168
nnsb	NC_010163
buft	NC_010085
zzye	NC_013926
ufdi	NC_003869
cfax	NC_016751
prir	NC_015730
mvkt	NC_014804
itvm	NC_011768
tzun	NC_010725
gxsf	NC_010382
loes	NC_009464
ncdh	NC_010644
jteq	NC_012180
zjpn	NC_011144
iofi	NC_009613
fool	NC_010830
ssnq	NC_010571
tqqj	NC_011886
rjwy	NC_010524
nuun	NC_009714
mbeu	NC_015145
iigy	NC_010655
wbbm	NC_010718
bqoy	NC_011999
lrar	NC_020133
mmxj	NC_010334
ejyo	NC_011894
rotn	NC_010694
lgbl	NC_011666
ipjt	NC_011529
bplf	NC_010581
rfdc	NC_012108
gotc	NC_010424
qqca	NC_012489
xzpj	NC_012490
pryg	NC_007204
ykma	NC_007955
vmyn	NC_007298
arsr	NC_019567
bgzw	NC_005363
lzbo	NC_005362
irsu	NC_013504
ocmo	NC_017477
cxbd	NC_022909
ahaz	NC_014033
ffca	NC_005877
jfgh	NC_014000
wmhs	NC_007294
ahmq	NC_006142
ptup	NC_017066
agdl	NC_017062
aedi	NC_006908
itql	NC_006512
smlw	NC_021286
wccq	NC_013385
wcxn	NC_006177
wixg	NC_008260
lcnp	NC_009633
mqal	NC_007512
egkv	NC_008687
vntx	NC_006510
qlsy	NC_014970
corm	NC_017520
gehy	NC_007576
uwqa	NC_013222
yzbm	NC_023134
ohso	NC_014414
pnor	NC_008710
efyz	NC_015138
embk	NC_007482
iiry	NC_008358
gepr	NC_009850
okxi	NC_021878
jlky	NC_017187
icxj	NC_009051
yvxw	NC_013722
kbhd	NC_011047
hvnj	NC_014751
osaf	NC_017521
dbtb	NC_011653
ihvc	NC_010617
nshz	NC_015711
caji	NC_016948
ahhp	NC_016946
igxn	NC_016947
fpww	NC_014010
obgw	NC_010162
ugkb	NC_021658
bain	NC_010170
zbls	NC_011766
jcxk	NC_011567
ukld	NC_010995
henw	NC_014814
butv	NC_013508
ihwr	NC_017309
slef	NC_014614
tnqj	NC_012176
scqn	NC_020449
irdk	NC_011386
ewpx	NC_015684
oree	NC_017538
xpjm	NC_013791
ibxn	NC_010794
jihd	NC_015428
ixbk	NC_018610
jjfo	NC_014014
pjbd	NC_011565
mwkk	NC_014109
ipsx	NC_012781
fcnf	NC_021010
gtro	NC_021044
exws	NC_012491
jrwa	NC_014388
zvkp	NC_011661
mjex	NC_011901
reqg	NC_010545
tptr	NC_020230
irsc	NC_011027
qaxe	NC_011026
xtwf	NC_011832
mesk	NC_012034
rzwg	NC_012785
ollh	NC_013194
dhaz	NC_012985
hqfl	NC_020549
tcyj	NC_010544
tkmr	NC_021236
jfyx	NC_012881
omew	NC_010673
iimk	NC_013720
ublm	NC_011992
mwea	NC_015578
wdlg	NC_015577
josw	NC_013205
rkfp	NC_017167
telp	NC_012522
yrtg	NC_012792
moye	NC_014931
tqiy	NC_022247
tyxm	NC_012962
xttq	NC_015714
buoq	NC_013922
imwn	NC_011313
ksmr	NC_014002
xoaa	NC_011295
gtyf	NC_011297
npnm	NC_011296
imud	NC_014541
svpk	NC_014248
ytqr	NC_012559
ytcy	NC_012997
vvsd	NC_022663
nsdg	NC_014377
gkwe	NC_013422
vmsu	NC_012917
wtsz	NC_018525
rkly	NC_012751
mdxt	NC_012225
jkce	NC_013421
ppjc	NC_012912
rssg	NC_014098
xrdr	NC_014506
tgli	NC_013715
qaei	NC_014106
nvyg	NC_020990
lgtk	NC_013597
sbur	NC_017846
gjbc	NC_016513
jfxg	NC_016632
fbko	NC_013118
odws	NC_013851
obfg	NC_014632
ndsh	NC_013741
rapv	NC_014964
cnth	NC_014011
xtvg	NC_014537
mtwg	NC_017455
mtvq	NC_014166
dfeh	NC_014816
gvyo	NC_014393
zxua	NC_014122
ofla	NC_013156
opvv	NC_014364
gkwx	NC_013532
iskq	NC_014378
fdrl	NC_014962
rehp	NC_014394
kjjj	NC_014972
hvsu	NC_013407
syey	NC_013921
zqjr	NC_013959
drpj	NC_014410
gyzm	NC_019970
wwst	NC_012982
bsbk	NC_012969
emfu	NC_014313
oxrq	NC_021172
adoc	NC_014209
isfp	NC_014471
hyhu	NC_014008
meho	NC_011740
bmcf	NC_018073
dpvj	NC_022246
crbp	NC_022237
rgun	NC_017765
wkum	NC_020895
cnju	NC_014216
xvfk	NC_013849
kqkq	NC_014153
leaf	NC_013642
vxpq	NC_012804
sdww	NC_014205
ylsu	NC_013740
ybun	NC_014658
kedy	NC_015514
jlez	NC_015671
xjfq	NC_015675
bmsl	NC_012691
mefj	NC_013799
atpl	NC_017161
gwoo	NC_012883
ggoi	NC_015948
cviq	NC_023010
nzpk	NC_013790
ffhn	NC_012214
ivmm	NC_017390
omoh	NC_014306
peas	NC_012121
syud	NC_012846
himq	NC_014448
yqtr	NC_017519
ppdq	NC_016829
udok	NC_019552
sxwx	NC_022807
swow	NC_014160
gxxy	NC_012913
yyln	NC_015850
ykym	NC_013960
bbox	NC_014363
fxsq	NC_014375
qads	NC_013894
sntp	NC_014100
ofeu	NC_015975
rujw	NC_014370
notv	NC_013721
lesc	NC_014644
nhis	NC_017456
eedv	NC_014643
tnjt	NC_016630
uozt	NC_022112
frjw	NC_014246
oxof	NC_021012
ousz	NC_021040
mufa	NC_017761
xbpi	NC_020555
poxn	NC_015437
bwjt	NC_020164
nsop	NC_012590
yvum	NC_014659
pgid	NC_015601
dxtd	NC_014217
gany	NC_014639
gtmp	NC_013850
jaat	NC_014168
kirv	NC_016803
pnpf	NC_014220
tsrf	NC_014759
azmm	NC_014218
ulij	NC_014365
dond	NC_014391
vkkk	NC_012704
ldve	NC_013062
ssgr	NC_014844
ftqb	NC_014831
nhma	NC_015172
zazn	NC_014655
cowj	NC_015702
fplq	NC_014221
qmzc	NC_014829
znoj	NC_010572
atxy	NC_012806
jnui	NC_014836
jilw	NC_014664
omnx	NC_015291
efib	NC_014640
ymyp	NC_023061
emjb	NC_013203
rnib	NC_015656
wixo	NC_021031
cknf	NC_021013
uafq	NC_021041
okll	NC_021039
iyhi	NC_021019
argt	NC_014041
hbjl	NC_021021
wcob	NC_021017
vmuy	NC_014774
eota	NC_010321
rthm	NC_008752
yhob	NC_007626
pbnt	NC_004578
utzd	NC_005773
igab	NC_016603
pebu	NC_021035
roun	NC_014803
oryb	NC_012968
gsfv	NC_015673
xeph	NC_014828
ishm	NC_014484
zuao	NC_017583
hagk	NC_014374
veiq	NC_013282
fxfr	NC_014207
ywnj	NC_015164
avgg	NC_015681
wzql	NC_015949
vpba	NC_014314
pubn	NC_014761
dbqc	NC_014315
hapf	NC_014392
bsiu	NC_022359
stcp	NC_016602
gegl	NC_015312
zwvy	NC_015676
dauz	NC_014507
hkhc	NC_015757
gtnw	NC_016884
rggt	NC_015660
doov	NC_014652
nyee	NC_014657
uacx	NC_014136
mvnj	NC_014329
mxuf	NC_017301
apor	NC_017300
hpdp	NC_017303
kqra	NC_017305
xbtb	NC_017306
jfnv	NC_017307
ljqs	NC_017308
mwgw	NC_016781
deak	NC_016932
cbti	NC_017031
orzo	NC_017462
scvf	NC_017730
fzex	NC_017945
lwcr	NC_018019
pusb	NC_014152
xeka	NC_015968
adgk	NC_015275
haxu	NC_015707
hklp	NC_014934
fuxe	NC_013520
lugk	NC_014910
fswk	NC_015422
fzdt	NC_015726
vbxg	NC_008314
oujz	NC_009674
vdzu	NC_014923
ntha	NC_006156
dqxx	NC_007508
ppeq	NC_013743
nfru	NC_014253
hxqt	NC_015161
kizs	NC_014933
gsoz	NC_014738
cqxg	NC_017569
ijvu	NC_017045
tdiz	NC_018609
aeiv	NC_020125
yohx	NC_014734
uali	NC_014724
ynom	NC_017470
qruh	NC_014376
dogb	NC_021047
fhwx	NC_015722
eovs	NC_022238
hykg	NC_022236
xqwf	NC_022245
snek	NC_015520
gfop	NC_015958
woaa	NC_013893
enph	NC_017353
opwx	NC_013895
fgsb	NC_014721
atmt	NC_015389
euvi	NC_016609
zqkq	NC_013665
xpny	NC_015957
slzr	NC_014654
rzda	NC_022239
irlm	NC_022244
xonx	NC_013956
sjsp	NC_017554
jcqb	NC_017531
cwip	NC_016816
htpj	NC_010118
hrhg	NC_013123
rpwd	NC_014004
ukal	NC_014499
zuru	NC_021916
zdaf	NC_018025
hobq	NC_014762
yhdp	NC_014958
ciqs	NC_015160
xfhl	NC_014318
ixty	NC_017186
junk	NC_018266
tqam	NC_022116
rllu	NC_014562
ukzq	NC_015978
iumr	NC_015636
tcmm	NC_013798
yypb	NC_015215
bztk	NC_017576
zvij	NC_021009
gyib	NC_021030
avgp	NC_021038
kidt	NC_015977
iiuh	NC_014408
ksub	NC_014830
tjpa	NC_014225
smrz	NC_015672
ylip	NC_021016
bsxd	NC_014259
dhdz	NC_017506
apum	NC_013939
uesc	NC_014974
wkoi	NC_014355
ldkz	NC_015946
gtwt	NC_021083
pall	NC_014914
nibb	NC_018108
yays	NC_015732
nibo	NC_018644
vums	NC_015499
czkj	NC_014935
vfxw	NC_014013
oyvq	NC_015174
ckqz	NC_016582
vpqj	NC_015321
raju	NC_015589
jrcl	NC_016631
gtew	NC_015152
jjfc	NC_017384
xuyq	NC_014625
qhrl	NC_013204
xroj	NC_015436
qgga	NC_015318
crqb	NC_015510
iiod	NC_014330
emrq	NC_018607
qzks	NC_019908
ayec	NC_018604
jebf	NC_015678
wifg	NC_017905
neki	NC_014961
ojtr	NC_014963
mvog	NC_017934
hgjo	NC_015703
zmpb	NC_018142
vdvm	NC_015311
gzvv	NC_015177
aldm	NC_014926
bqex	NC_014297
zxgq	NC_014758
uqqp	NC_015588
hxxz	NC_015556
dceq	NC_015593
fjlx	NC_015859
nxvu	NC_014909
tefj	NC_015846
ctsi	NC_015555
fbai	NC_015508
vglo	NC_015964
unoi	NC_015144
nxnc	NC_016818
cgnb	NC_017047
qyjr	NC_015167
wwjj	NC_015385
azzm	NC_015387
llsi	NC_015278
iony	NC_013162
ebqf	NC_015185
hnyb	NC_015320
hoqy	NC_015501
kant	NC_015565
xpua	NC_015562
lyvh	NC_012587
oyus	NC_018000
ufbg	NC_016812
whkv	NC_015742
lsxj	NC_015637
xwrz	NC_022224
udbt	NC_013171
bbri	NC_013511
bxnk	NC_014624
trbk	NC_015945
wvlg	NC_015559
plys	NC_015573
ticy	NC_014924
wptw	NC_014532
hjeq	NC_015558
gwga	NC_015276
vkpw	NC_015581
adae	NC_014366
qjuc	NC_016629
diig	NC_015954
bcom	NC_013501
awft	NC_015966
aipv	NC_015875
huoh	NC_014550
gjry	NC_015388
zyuv	NC_014720
tnir	NC_015735
wdhj	NC_021057
hugz	NC_015500
fxcl	NC_015572
jsul	NC_019897
ozqq	NC_019960
jmbq	NC_022546
qdit	NC_015666
pwyp	NC_021184
drry	NC_019964
ooao	NC_014960
fkds	NC_018631
kimn	NC_014722
etyz	NC_013521
jfde	NC_013441
couy	NC_013440
hjkm	NC_013512
zeqn	NC_013515
jbgj	NC_013517
ljst	NC_013510
vzar	NC_013522
tesb	NC_013530
avrt	NC_013523
sfac	NC_013526
mnom	NC_013595
vbbd	NC_013730
hpto	NC_013729
oglw	NC_013739
dymu	NC_013757
edrv	NC_013943
ylal	NC_013946
cymq	NC_021081
sazg	NC_013947
vayg	NC_014148
xbiq	NC_014150
frad	NC_014151
mjdg	NC_014158
lkhn	NC_014165
ocvn	NC_014210
ekre	NC_014212
lbim	NC_014729
ewen	NC_013172
zwdr	NC_013093
scts	NC_013170
rrpn	NC_012669
itke	NC_013037
tuzo	NC_013165
fmzm	NC_013174
jhst	NC_013159
ztmb	NC_013169
cxdl	NC_013131
emke	NC_013202
fawy	NC_013216
lwzp	NC_013061
mvtf	NC_013132
tgsf	NC_013223
saml	NC_013158
igpk	NC_013166
wpbx	NC_013192
ugmn	NC_013124
ealc	NC_013173
tgzk	NC_013235
wrqo	NC_015518
lzrd	NC_015663
ropi	NC_020181
hzja	NC_018017
hltk	NC_014810
zkvs	NC_014925
avev	NC_017568
wepd	NC_015942
jali	NC_019903
ftpx	NC_018068
igts	NC_015683
ljhc	NC_017317
thie	NC_018101
auxo	NC_014932
xzxr	NC_015434
dvhx	NC_015125
roeh	NC_015408
aalp	NC_022439
cmob	NC_022440
gbed	NC_022441
arvw	NC_015151
nujt	NC_015416
nlbl	NC_015564
spyj	NC_018014
nsko	NC_015259
mhei	NC_015186
qpoy	NC_015424
bewk	NC_015690
dhwl	NC_016935
lruf	NC_017672
iggp	NC_015315
hjsl	NC_015376
mqka	NC_019904
arpo	NC_015379
oskh	NC_015460
hubq	NC_015435
htvw	NC_018643
ycil	NC_017028
vjpg	NC_016599
ebbc	NC_015680
bcra	NC_015516
lbjq	NC_016938
sstd	NC_015635
kngs	NC_021921
zhix	NC_015866
aerj	NC_015602
lgfd	NC_015600
wifs	NC_015674
hrzs	NC_017243
lhzt	NC_015759
dnuo	NC_015758
tpjg	NC_015914
ibgm	NC_015921
bcqk	NC_015848
irdf	NC_019951
tmon	NC_019950
tjza	NC_019952
xwqg	NC_019965
fvkc	NC_018001
tmqa	NC_018515
hthq	NC_017095
lfae	NC_016010
qafi	NC_018513
mjxu	NC_016052
mcxy	NC_018081
kioz	NC_018016
nsdq	NC_017068
dfsy	NC_018750
gntc	NC_017094
pssc	NC_022041
hydk	NC_018024
oipc	NC_017770
pgwo	NC_016940
mlwp	NC_019793
kach	NC_016026
ivvy	NC_020812
jkhw	NC_016024
jsoz	NC_016001
mwqk	NC_019892
kmrg	NC_016043
lpyq	NC_016041
tctk	NC_020418
ccec	NC_021064
hdaf	NC_018012
kdpp	NC_012793
fpnx	NC_013411
ayza	NC_014206
ojtq	NC_014650
nipi	NC_014915
dsqm	NC_020210
djqu	NC_022080
vono	NC_017860
dhzq	NC_016610
zenq	NC_021182
ekbn	NC_016617
qgmr	NC_020059
pcjp	NC_009783
zetm	NC_022269
yzej	NC_016639
jidd	NC_017065
sxpo	NC_016077
tois	NC_020156
jfcq	NC_016148
mbqp	NC_017910
rxsu	NC_016616
tmwa	NC_019695
xnfm	NC_018645
twee	NC_016050
jebj	NC_017941
ipjs	NC_019778
dfrw	NC_018011
nicz	NC_021885
ijtw	NC_018612
tayv	NC_018690
hqib	NC_018704
vbua	NC_016885
ebke	NC_016605
qbnh	NC_017096
weri	NC_016048
gcro	NC_019771
lqei	NC_017790
rxab	NC_018013
pavc	NC_019978
ggcw	NC_019974
vrlx	NC_019973
jqxy	NC_016633
skra	NC_016622
aemi	NC_018010
qshg	NC_017668
gfgw	NC_020388
xsar	NC_019977
psfe	NC_018020
trhm	NC_017098
xyzv	NC_019962
ubyp	NC_018027
dbgi	NC_016604
arcj	NC_016109
rrtg	NC_019792
pixj	NC_018748
chpz	NC_018719
rgcj	NC_018691
zpia	NC_020291
zspm	NC_016894
tgam	NC_019940
sddi	NC_017464
mgep	NC_019943
xbym	NC_016111
povr	NC_017586
fnoy	NC_016584
pxaf	NC_023150
aqfj	NC_016510
onbm	NC_016147
mtan	NC_018649
xgho	NC_018673
vocr	NC_019791
gdbq	NC_022878
xcaw	NC_021900
cxvo	NC_020892
vhff	NC_016627
eiys	NC_016078
oagr	NC_017034
ndlc	NC_018665
dexq	NC_019425
jjqu	NC_017909
kgnc	NC_023029
gcsc	NC_016070
rsfn	NC_018876
azzt	NC_023135
bars	NC_016930
zism	NC_017044
olxb	NC_017058
ahqn	NC_017042
ahrm	NC_017043
gbeg	NC_020301
ebdf	NC_020300
hkuk	NC_017992
bmrj	NC_017527
mdfj	NC_017956
xwzm	NC_016638
udnm	NC_016906
mmfr	NC_018868
dfab	NC_023075
fwjr	NC_023076
emgj	NC_016887
xqoa	NC_018664
davd	NC_017964
sxgr	NC_018870
lrke	NC_016641
zcof	NC_015873
zkzh	NC_016749
ttan	NC_020135
htkw	NC_018681
hrwp	NC_018267
fxge	NC_022084
rgux	NC_017075
ilyf	NC_017030
mgvx	NC_017079
kkqh	NC_016593
notk	NC_019386
izah	NC_018002
vacj	NC_017033
zvsi	NC_018065
mhrk	NC_018018
esnh	NC_022576
ipcp	NC_017080
ymjz	NC_018720
sbrm	NC_016943
udaa	NC_013260
xqqv	NC_022786
rtmj	NC_017059
oxee	NC_021591
ilzu	NC_015567
byda	NC_021659
qtlg	NC_017808
jgki	NC_021252
cvev	NC_018290
lwzq	NC_018507
ehhu	NC_018618
coht	NC_018676
jwxj	NC_018677
qqzg	NC_020831
vpct	NC_017461
xzta	NC_017735
wmmu	NC_017737
vatt	NC_007519
jfsj	NC_020304
imba	NC_017093
owjy	NC_019395
scja	NC_019675
qxax	NC_019780
heiw	NC_019693
hdcj	NC_019757
pftc	NC_019753
qmib	NC_019748
scmu	NC_019670
zjar	NC_022738
iwdv	NC_023064
zmpj	NC_008044
gnhl	NC_015953
vncn	NC_021055
mkkz	NC_005966
xzsw	NC_007777
jejs	NC_009921
fmyl	NC_014666
xubt	NC_015222
jbow	NC_015731
juay	NC_002607
czcs	NC_021171
aopx	NC_017743
udiz	NC_018224
vjmx	NC_019683
fguh	NC_020561
jbuc	NC_015737
wlof	NC_016791
bngh	NC_007513
wwjt	NC_007516
usmt	NC_007775
ewku	NC_008319
nyrq	NC_010475
ynki	NC_009481
takb	NC_009482
guxy	NC_005070
mexd	NC_007776
mkxy	NC_019680
bpiz	NC_019702
drid	NC_015474
vama	NC_017946
flco	NC_017445
syzn	NC_009436
aloz	NC_021500
eycs	NC_015061
ejdy	NC_003272
hcmq	NC_019676
cpoc	NC_019684
dvfj	NC_008541
vorn	NC_018531
rwxa	NC_017278
xyqv	NC_008322
yyhq	NC_008321
xywd	NC_008750
dwdb	NC_008577
riru	NC_015865
ckfs	NC_016051
ouzs	NC_018015
drbu	NC_009485
ybzp	NC_009445
hpvy	NC_017082
prwk	NC_015566
gzcv	NC_017573
jemh	NC_022582
sqpz	NC_022584
cvec	NC_000911
wlyd	NC_017277
vasa	NC_017038
jfdy	NC_017052
yfqj	NC_017039
xqwl	NC_020286
dsrt	NC_007948
atlk	NC_010320
olpc	NC_014538
mhcq	NC_008702
kshh	NC_020516
tdim	NC_009663
ntzp	NC_008146
jvam	NC_008705
udic	NC_009077
lgzf	NC_015576
qiup	NC_017904
nhny	NC_014837
dupl	NC_021023
kjnm	NC_021355
emdw	NC_019682
ciem	NC_019751
keeq	NC_017192
gbht	NC_022124
wygh	NC_015580
jbax	NC_019701
njmz	NC_019703
ftdo	NC_019427
dmpu	NC_019689
mrcp	NC_019745
wzal	NC_019738
ypix	NC_010511
zust	NC_015913
irkd	NC_016012
rmsv	NC_017294
edxx	NC_003062
rzfj	NC_020813
duaz	NC_008254
exbp	NC_007802
jwhm	NC_008699
mwrg	NC_020830
cbsk	NC_020802
kfle	NC_018268
pnsh	NC_009654
xaqz	NC_014472
ffjg	NC_008782
zzeq	NC_018708
hhwq	NC_009524
kkaw	NC_021661
ascx	NC_009523
yyxx	NC_012918
cuuh	NC_014973
hxgr	NC_010338
ixwv	NC_009659
evjv	NC_009675
xekm	NC_011145
atft	NC_010730
ttum	NC_011126
cmbb	NC_020411
qbfi	NC_020814
vwhi	NC_010546
jebr	NC_011726
cnvu	NC_011729
hrtb	NC_011884
enfr	NC_013161
tcwe	NC_014501
ozas	NC_009662
qgzc	NC_015391
xmtc	NC_022606
evyk	NC_015380
ombd	NC_016642
dbkz	NC_010483
yzmh	NC_021014
knyg	NC_011662
mupm	NC_015497
uybk	NC_012914
fpux	NC_013406
fhld	NC_012032
iwbw	NC_012673
bocw	NC_022794
kqqa	NC_012260
gnxd	NC_013889
tkyi	NC_013454
ptyt	NC_013418
zfas	NC_016146
fvqj	NC_016621
plyj	NC_017924
dvcw	NC_020195
muko	NC_020510
jtmm	NC_022550
fcaa	NC_013854
hsnc	NC_012416
sybg	NC_014815
ucal	NC_013887
wphs	NC_015738
daxr	NC_019779
nadp	NC_021018
zdkf	NC_015563
vzoe	NC_015554
abin	NC_023044
opgw	NC_015064
uxqc	NC_015277
ucoe	NC_014733
ytxz	NC_018485
zuuf	NC_015638
ghwp	NC_019678
bwhq	NC_015458
kywi	NC_015976
qcwq	NC_015696
xomh	NC_015717
twcb	NC_015734
fgzj	NC_016745
vwcl	NC_016002
iwqa	NC_019942
zvim	NC_016645
ltus	NC_017803
mmql	NC_021191
hmuu	NC_023035
wisy	NC_022545
abmk	NC_018867
jbga	NC_018866
syir	NC_018697
txzb	NC_017845
qksj	NC_018178
owuc	NC_018419
bozh	NC_018420
vdfj	NC_021663
nrbq	NC_020302
hcsi	NC_019016
omxf	NC_023018
avgz	NC_018524
moob	NC_022357
zdds	NC_020888
uhvu	NC_022792
wfhc	NC_022795
ucmh	NC_021915
cvzm	NC_018672
otcp	NC_018656
bejs	NC_020514
xctz	NC_021237
zkmn	NC_020908
ibqw	NC_021499
kgsb	NC_020054
wmey	NC_022657
pjuc	NC_021985
uwki	NC_019902
ldql	NC_020134
luoi	NC_020887
ilfj	NC_020515
gcka	NC_019566
olre	NC_011883
vgnu	NC_023036
cqfl	NC_019697
cxnj	NC_019729
hbft	NC_019776
kkny	NC_019949
tpfw	NC_019673
fckk	NC_015519
gozk	NC_019954
kfem	NC_019907
yaoc	NC_021741
jxye	NC_021066
wikc	NC_020055
jqmv	NC_021846
ooiq	NC_021833
oaxj	NC_021280
rbko	NC_021284
xdmt	NC_022998
kroa	NC_020075
zbmx	NC_020126
fspv	NC_020506
akqq	NC_022444
aimx	NC_022737
okeo	NC_022793
fclo	NC_020209
dkjh	NC_022097
decw	NC_022079
qfju	NC_020829
uiwb	NC_021715
xuge	NC_020409
btxj	NC_020453
ryko	NC_021177
noqq	NC_020546
cbbl	NC_020520
xmdz	NC_021169
lbkn	NC_021175
itct	NC_021917
wqeu	NC_021219
haeo	NC_014618
xwqe	NC_021291
miae	NC_015682
itwz	NC_021313
wufs	NC_022592
wsot	NC_021487
rapd	NC_022571
rvoh	NC_022198
gzcx	NC_004463
fjra	NC_022093
ybhx	NC_022567
yaop	NC_022521
gpli	NC_022524
qjun	NC_022664
yfhy	NC_022781
alma	NC_022904
cxll	NC_022997
moyl	NC_023001
gknv	NC_023033
rdjm	NC_023063
ddka	NC_013771
tvtf	NC_019014
iqlf	NC_019814
bgie	NC_020285
emzr	NC_019815
vtpi	NC_020283
osmj	NC_020294
tqve	NC_020299
czqe	NC_020284
jcwy	NC_020913
oskn	NC_021353
gfjd	NC_016027
usdq	NC_022547
sxuf	NC_018605
ugiu	NC_017955
rrxi	NC_020063
tbru	NC_020417
ntzz	NC_007511
cstm	NC_008576
gfzh	NC_009338
vgup	NC_011979
vnhd	NC_022600
sdbs	NC_017954
yhab	NC_017856
uudf	NC_017857
qtai	NC_020541
ipay	NC_014145
qoqv	NC_023004
pmyf	NC_023003
wffj	NC_004129
updr	NC_016114
eoeb	NC_020796
ounr	NC_015216
yskx	NC_015574
xerb	NC_019002
vevw	NC_017026
toms	NC_017528
qgdy	NC_021003
gmmh	NC_021004
gzun	NC_017463
xhzc	NC_017173
pizo	NC_017174
cjqh	NC_022759
jlux	NC_018655
zdir	NC_015496
oybe	NC_020537
dzdv	NC_020536
aocg	NC_020532
plvi	NC_020564
rcme	NC_020529
yaqa	NC_021195
rtfv	NC_022548
mgbw	NC_022537
ixeu	NC_021991
gcbd	NC_022777
ussi	NC_009353
laud	NC_021285
kznl	NC_022541
eghc	NC_022543
